cell_id,actual_past_year,year_end
85822,1,2025-02-01
141742,1,2025-02-01
185838,1,2025-02-01
332227,1,2025-02-01
342873,1,2025-02-01
342875,2,2025-02-01
342877,4,2025-02-01
343810,1,2025-02-01
343825,2,2025-02-01
343826,3,2025-02-01
343835,1,2025-02-01
343841,1,2025-02-01
344768,1,2025-02-01
344782,1,2025-02-01
344785,2,2025-02-01
344790,1,2025-02-01
344791,2,2025-02-01
344792,2,2025-02-01
344793,10,2025-02-01
344794,7,2025-02-01
344795,19,2025-02-01
344796,10,2025-02-01
344805,2,2025-02-01
344806,1,2025-02-01
344807,3,2025-02-01
344808,4,2025-02-01
344809,4,2025-02-01
344811,2,2025-02-01
345749,5,2025-02-01
345750,4,2025-02-01
345751,2,2025-02-01
345753,1,2025-02-01
345754,8,2025-02-01
345755,7,2025-02-01
345756,4,2025-02-01
345757,8,2025-02-01
345758,13,2025-02-01
345759,2,2025-02-01
345760,7,2025-02-01
345761,7,2025-02-01
345762,9,2025-02-01
345763,18,2025-02-01
345764,25,2025-02-01
345765,7,2025-02-01
345776,5,2025-02-01
345777,4,2025-02-01
346717,2,2025-02-01
346718,1,2025-02-01
346719,1,2025-02-01
346720,4,2025-02-01
346722,5,2025-02-01
346723,19,2025-02-01
346724,23,2025-02-01
346725,6,2025-02-01
346726,3,2025-02-01
346727,1,2025-02-01
346729,4,2025-02-01
346731,4,2025-02-01
346732,2,2025-02-01
346734,1,2025-02-01
346735,3,2025-02-01
346743,1,2025-02-01
347688,2,2025-02-01
347689,15,2025-02-01
347690,20,2025-02-01
347691,12,2025-02-01
347692,4,2025-02-01
347693,22,2025-02-01
347694,4,2025-02-01
347695,3,2025-02-01
347696,3,2025-02-01
347697,3,2025-02-01
347698,3,2025-02-01
347699,2,2025-02-01
347700,2,2025-02-01
347703,3,2025-02-01
347704,2,2025-02-01
347715,1,2025-02-01
348645,1,2025-02-01
348653,3,2025-02-01
348654,2,2025-02-01
348655,7,2025-02-01
348656,4,2025-02-01
348657,4,2025-02-01
348658,7,2025-02-01
348659,4,2025-02-01
348661,1,2025-02-01
348662,4,2025-02-01
348663,12,2025-02-01
348664,5,2025-02-01
348665,6,2025-02-01
348666,3,2025-02-01
348669,1,2025-02-01
348671,1,2025-02-01
348672,2,2025-02-01
348673,1,2025-02-01
349619,2,2025-02-01
349621,1,2025-02-01
349627,1,2025-02-01
349629,1,2025-02-01
349630,5,2025-02-01
349631,4,2025-02-01
349632,5,2025-02-01
349633,3,2025-02-01
349634,1,2025-02-01
349635,2,2025-02-01
349636,3,2025-02-01
349637,2,2025-02-01
349638,3,2025-02-01
349639,2,2025-02-01
349640,6,2025-02-01
349643,2,2025-02-01
349648,1,2025-02-01
349649,2,2025-02-01
349651,3,2025-02-01
350582,4,2025-02-01
350583,1,2025-02-01
350584,1,2025-02-01
350589,9,2025-02-01
350590,7,2025-02-01
350594,5,2025-02-01
350595,2,2025-02-01
350596,1,2025-02-01
350597,2,2025-02-01
350598,9,2025-02-01
350599,4,2025-02-01
350600,3,2025-02-01
350601,1,2025-02-01
350603,5,2025-02-01
350604,1,2025-02-01
350607,1,2025-02-01
350608,2,2025-02-01
350609,7,2025-02-01
350611,3,2025-02-01
350612,5,2025-02-01
350616,1,2025-02-01
350618,5,2025-02-01
350619,2,2025-02-01
351547,2,2025-02-01
351550,3,2025-02-01
351551,8,2025-02-01
351557,8,2025-02-01
351558,9,2025-02-01
351559,10,2025-02-01
351560,8,2025-02-01
351561,11,2025-02-01
351562,5,2025-02-01
351563,5,2025-02-01
351564,1,2025-02-01
351565,9,2025-02-01
351566,6,2025-02-01
351567,14,2025-02-01
351568,1,2025-02-01
351570,3,2025-02-01
351571,2,2025-02-01
351575,2,2025-02-01
351577,3,2025-02-01
351578,3,2025-02-01
351579,3,2025-02-01
351580,3,2025-02-01
351581,3,2025-02-01
351585,1,2025-02-01
351586,2,2025-02-01
351587,1,2025-02-01
351588,3,2025-02-01
352518,7,2025-02-01
352519,14,2025-02-01
352520,3,2025-02-01
352521,3,2025-02-01
352525,5,2025-02-01
352528,8,2025-02-01
352529,21,2025-02-01
352530,20,2025-02-01
352531,2,2025-02-01
352533,6,2025-02-01
352534,12,2025-02-01
352535,10,2025-02-01
352536,1,2025-02-01
352537,5,2025-02-01
352538,2,2025-02-01
352545,4,2025-02-01
352546,10,2025-02-01
352547,3,2025-02-01
352548,2,2025-02-01
352553,6,2025-02-01
352554,9,2025-02-01
352555,3,2025-02-01
352613,1,2025-02-01
353482,3,2025-02-01
353483,8,2025-02-01
353484,7,2025-02-01
353485,9,2025-02-01
353486,2,2025-02-01
353487,11,2025-02-01
353490,1,2025-02-01
353492,1,2025-02-01
353493,5,2025-02-01
353494,2,2025-02-01
353496,4,2025-02-01
353497,16,2025-02-01
353498,47,2025-02-01
353499,28,2025-02-01
353500,15,2025-02-01
353501,6,2025-02-01
353502,8,2025-02-01
353503,17,2025-02-01
353504,8,2025-02-01
353505,9,2025-02-01
353510,1,2025-02-01
353511,3,2025-02-01
353512,4,2025-02-01
353513,4,2025-02-01
353514,6,2025-02-01
353515,4,2025-02-01
353516,1,2025-02-01
353518,1,2025-02-01
353519,2,2025-02-01
353520,3,2025-02-01
353521,4,2025-02-01
353522,3,2025-02-01
353523,4,2025-02-01
354450,4,2025-02-01
354451,4,2025-02-01
354452,14,2025-02-01
354453,9,2025-02-01
354454,11,2025-02-01
354455,6,2025-02-01
354456,5,2025-02-01
354457,3,2025-02-01
354458,4,2025-02-01
354461,11,2025-02-01
354463,1,2025-02-01
354464,3,2025-02-01
354465,18,2025-02-01
354466,17,2025-02-01
354467,16,2025-02-01
354468,16,2025-02-01
354469,11,2025-02-01
354470,32,2025-02-01
354471,7,2025-02-01
354472,1,2025-02-01
354473,5,2025-02-01
354479,3,2025-02-01
354480,3,2025-02-01
354481,3,2025-02-01
354482,11,2025-02-01
354483,8,2025-02-01
354484,5,2025-02-01
354485,2,2025-02-01
354486,11,2025-02-01
354487,9,2025-02-01
354488,13,2025-02-01
354489,4,2025-02-01
354490,2,2025-02-01
354491,3,2025-02-01
355419,5,2025-02-01
355420,4,2025-02-01
355421,13,2025-02-01
355422,22,2025-02-01
355423,5,2025-02-01
355424,2,2025-02-01
355425,2,2025-02-01
355426,1,2025-02-01
355427,5,2025-02-01
355428,8,2025-02-01
355429,10,2025-02-01
355430,2,2025-02-01
355433,10,2025-02-01
355434,1,2025-02-01
355435,9,2025-02-01
355436,4,2025-02-01
355437,14,2025-02-01
355438,9,2025-02-01
355439,2,2025-02-01
355440,6,2025-02-01
355441,9,2025-02-01
355442,2,2025-02-01
355447,7,2025-02-01
355448,1,2025-02-01
355449,3,2025-02-01
355450,3,2025-02-01
355451,2,2025-02-01
355452,3,2025-02-01
355454,3,2025-02-01
355455,6,2025-02-01
355456,8,2025-02-01
355457,2,2025-02-01
355458,5,2025-02-01
356386,4,2025-02-01
356387,6,2025-02-01
356388,2,2025-02-01
356389,6,2025-02-01
356390,3,2025-02-01
356391,14,2025-02-01
356392,9,2025-02-01
356393,1,2025-02-01
356394,2,2025-02-01
356395,7,2025-02-01
356396,2,2025-02-01
356397,1,2025-02-01
356398,3,2025-02-01
356401,11,2025-02-01
356402,2,2025-02-01
356405,8,2025-02-01
356406,4,2025-02-01
356407,6,2025-02-01
356408,14,2025-02-01
356409,4,2025-02-01
356410,4,2025-02-01
356413,9,2025-02-01
356414,8,2025-02-01
356415,5,2025-02-01
356416,7,2025-02-01
356417,1,2025-02-01
356418,4,2025-02-01
356419,10,2025-02-01
356420,5,2025-02-01
356421,2,2025-02-01
356422,3,2025-02-01
356423,15,2025-02-01
356424,7,2025-02-01
356425,7,2025-02-01
357354,2,2025-02-01
357355,5,2025-02-01
357357,7,2025-02-01
357359,3,2025-02-01
357361,2,2025-02-01
357362,2,2025-02-01
357363,8,2025-02-01
357364,7,2025-02-01
357365,5,2025-02-01
357366,8,2025-02-01
357368,1,2025-02-01
357369,14,2025-02-01
357370,6,2025-02-01
357372,4,2025-02-01
357373,11,2025-02-01
357374,8,2025-02-01
357375,4,2025-02-01
357376,4,2025-02-01
357377,2,2025-02-01
357378,6,2025-02-01
357381,1,2025-02-01
357382,6,2025-02-01
357383,2,2025-02-01
357384,2,2025-02-01
357385,4,2025-02-01
357386,1,2025-02-01
357387,2,2025-02-01
357388,1,2025-02-01
357389,7,2025-02-01
357390,7,2025-02-01
357391,6,2025-02-01
357392,3,2025-02-01
357393,1,2025-02-01
357394,1,2025-02-01
358321,3,2025-02-01
358322,16,2025-02-01
358323,11,2025-02-01
358324,2,2025-02-01
358325,11,2025-02-01
358326,3,2025-02-01
358329,8,2025-02-01
358330,6,2025-02-01
358331,9,2025-02-01
358332,10,2025-02-01
358333,4,2025-02-01
358334,6,2025-02-01
358336,4,2025-02-01
358337,7,2025-02-01
358338,25,2025-02-01
358339,11,2025-02-01
358340,16,2025-02-01
358341,5,2025-02-01
358342,2,2025-02-01
358343,2,2025-02-01
358344,6,2025-02-01
358345,5,2025-02-01
358346,2,2025-02-01
358347,6,2025-02-01
358348,2,2025-02-01
358349,5,2025-02-01
358350,4,2025-02-01
358351,9,2025-02-01
358352,15,2025-02-01
358353,4,2025-02-01
358354,3,2025-02-01
358355,2,2025-02-01
358356,3,2025-02-01
358357,6,2025-02-01
358358,9,2025-02-01
358359,6,2025-02-01
358360,7,2025-02-01
358361,4,2025-02-01
358362,1,2025-02-01
359285,1,2025-02-01
359287,2,2025-02-01
359288,5,2025-02-01
359289,8,2025-02-01
359290,8,2025-02-01
359291,4,2025-02-01
359292,6,2025-02-01
359293,4,2025-02-01
359294,10,2025-02-01
359295,4,2025-02-01
359297,14,2025-02-01
359298,5,2025-02-01
359299,9,2025-02-01
359300,5,2025-02-01
359301,4,2025-02-01
359302,9,2025-02-01
359303,10,2025-02-01
359304,10,2025-02-01
359305,13,2025-02-01
359306,44,2025-02-01
359307,8,2025-02-01
359308,32,2025-02-01
359309,13,2025-02-01
359310,8,2025-02-01
359312,8,2025-02-01
359313,9,2025-02-01
359315,9,2025-02-01
359316,1,2025-02-01
359317,8,2025-02-01
359318,17,2025-02-01
359319,6,2025-02-01
359320,14,2025-02-01
359321,4,2025-02-01
359322,3,2025-02-01
359323,2,2025-02-01
359324,4,2025-02-01
359325,2,2025-02-01
359326,5,2025-02-01
359328,1,2025-02-01
359329,6,2025-02-01
359330,6,2025-02-01
359331,1,2025-02-01
360254,2,2025-02-01
360255,10,2025-02-01
360256,3,2025-02-01
360257,5,2025-02-01
360258,7,2025-02-01
360259,8,2025-02-01
360260,5,2025-02-01
360261,5,2025-02-01
360262,6,2025-02-01
360263,9,2025-02-01
360264,3,2025-02-01
360265,11,2025-02-01
360266,12,2025-02-01
360267,4,2025-02-01
360268,3,2025-02-01
360269,12,2025-02-01
360270,5,2025-02-01
360271,15,2025-02-01
360272,3,2025-02-01
360273,18,2025-02-01
360274,11,2025-02-01
360275,5,2025-02-01
360276,8,2025-02-01
360277,13,2025-02-01
360278,6,2025-02-01
360279,8,2025-02-01
360280,12,2025-02-01
360281,14,2025-02-01
360282,4,2025-02-01
360283,8,2025-02-01
360284,5,2025-02-01
360285,6,2025-02-01
360286,4,2025-02-01
360287,9,2025-02-01
360288,11,2025-02-01
360289,2,2025-02-01
360290,6,2025-02-01
360291,10,2025-02-01
360292,1,2025-02-01
360293,4,2025-02-01
360294,2,2025-02-01
360295,2,2025-02-01
360297,2,2025-02-01
360298,7,2025-02-01
360299,5,2025-02-01
360300,2,2025-02-01
361222,4,2025-02-01
361223,8,2025-02-01
361224,2,2025-02-01
361225,1,2025-02-01
361226,1,2025-02-01
361228,1,2025-02-01
361229,4,2025-02-01
361230,6,2025-02-01
361231,4,2025-02-01
361232,5,2025-02-01
361233,9,2025-02-01
361234,26,2025-02-01
361235,27,2025-02-01
361236,14,2025-02-01
361237,6,2025-02-01
361240,3,2025-02-01
361241,4,2025-02-01
361242,3,2025-02-01
361243,2,2025-02-01
361244,10,2025-02-01
361245,10,2025-02-01
361246,8,2025-02-01
361247,2,2025-02-01
361248,12,2025-02-01
361249,5,2025-02-01
361250,4,2025-02-01
361251,4,2025-02-01
361252,5,2025-02-01
361253,5,2025-02-01
361254,23,2025-02-01
361255,5,2025-02-01
361256,5,2025-02-01
361257,8,2025-02-01
361258,8,2025-02-01
361259,5,2025-02-01
361260,7,2025-02-01
361261,9,2025-02-01
361262,1,2025-02-01
361263,1,2025-02-01
361264,1,2025-02-01
361265,6,2025-02-01
361266,8,2025-02-01
361267,3,2025-02-01
362190,8,2025-02-01
362191,3,2025-02-01
362192,3,2025-02-01
362193,9,2025-02-01
362194,3,2025-02-01
362196,3,2025-02-01
362197,9,2025-02-01
362198,8,2025-02-01
362199,14,2025-02-01
362200,6,2025-02-01
362201,3,2025-02-01
362202,10,2025-02-01
362203,20,2025-02-01
362204,16,2025-02-01
362205,10,2025-02-01
362206,2,2025-02-01
362210,2,2025-02-01
362211,5,2025-02-01
362212,3,2025-02-01
362213,3,2025-02-01
362214,9,2025-02-01
362215,5,2025-02-01
362216,3,2025-02-01
362217,6,2025-02-01
362219,4,2025-02-01
362220,2,2025-02-01
362221,8,2025-02-01
362222,6,2025-02-01
362223,11,2025-02-01
362224,20,2025-02-01
362225,6,2025-02-01
362226,1,2025-02-01
362227,1,2025-02-01
362228,7,2025-02-01
362229,7,2025-02-01
362230,1,2025-02-01
362231,1,2025-02-01
362232,9,2025-02-01
362233,8,2025-02-01
362234,5,2025-02-01
363161,8,2025-02-01
363162,5,2025-02-01
363163,11,2025-02-01
363164,3,2025-02-01
363165,6,2025-02-01
363166,5,2025-02-01
363167,2,2025-02-01
363168,1,2025-02-01
363169,6,2025-02-01
363170,4,2025-02-01
363171,21,2025-02-01
363172,5,2025-02-01
363173,3,2025-02-01
363174,3,2025-02-01
363179,3,2025-02-01
363180,3,2025-02-01
363181,1,2025-02-01
363182,2,2025-02-01
363184,13,2025-02-01
363185,13,2025-02-01
363186,5,2025-02-01
363187,6,2025-02-01
363188,5,2025-02-01
363189,13,2025-02-01
363190,10,2025-02-01
363191,2,2025-02-01
363192,3,2025-02-01
363193,5,2025-02-01
363194,4,2025-02-01
363195,6,2025-02-01
363196,7,2025-02-01
363197,7,2025-02-01
363198,24,2025-02-01
363199,19,2025-02-01
363200,4,2025-02-01
363201,8,2025-02-01
363202,5,2025-02-01
363203,1,2025-02-01
364129,2,2025-02-01
364130,10,2025-02-01
364131,1,2025-02-01
364132,3,2025-02-01
364133,9,2025-02-01
364134,2,2025-02-01
364135,10,2025-02-01
364138,1,2025-02-01
364140,9,2025-02-01
364141,5,2025-02-01
364142,1,2025-02-01
364143,2,2025-02-01
364146,4,2025-02-01
364147,11,2025-02-01
364148,4,2025-02-01
364149,4,2025-02-01
364150,9,2025-02-01
364151,8,2025-02-01
364152,5,2025-02-01
364153,6,2025-02-01
364154,4,2025-02-01
364155,2,2025-02-01
364156,4,2025-02-01
364157,7,2025-02-01
364158,1,2025-02-01
364159,4,2025-02-01
364160,4,2025-02-01
364163,13,2025-02-01
364164,24,2025-02-01
364165,6,2025-02-01
364166,16,2025-02-01
364167,16,2025-02-01
364168,10,2025-02-01
364169,13,2025-02-01
364170,7,2025-02-01
364171,1,2025-02-01
364172,1,2025-02-01
364174,1,2025-02-01
365097,22,2025-02-01
365098,2,2025-02-01
365099,3,2025-02-01
365100,6,2025-02-01
365101,12,2025-02-01
365102,9,2025-02-01
365103,5,2025-02-01
365104,7,2025-02-01
365105,4,2025-02-01
365106,2,2025-02-01
365107,6,2025-02-01
365108,11,2025-02-01
365109,5,2025-02-01
365110,4,2025-02-01
365111,1,2025-02-01
365114,6,2025-02-01
365115,21,2025-02-01
365116,16,2025-02-01
365117,4,2025-02-01
365118,9,2025-02-01
365119,10,2025-02-01
365120,6,2025-02-01
365121,4,2025-02-01
365122,11,2025-02-01
365124,3,2025-02-01
365125,3,2025-02-01
365126,6,2025-02-01
365127,10,2025-02-01
365128,3,2025-02-01
365129,1,2025-02-01
365131,21,2025-02-01
365132,25,2025-02-01
365133,6,2025-02-01
365134,32,2025-02-01
365135,40,2025-02-01
365136,3,2025-02-01
365137,6,2025-02-01
365138,6,2025-02-01
365139,9,2025-02-01
365140,1,2025-02-01
366064,3,2025-02-01
366065,11,2025-02-01
366066,1,2025-02-01
366067,3,2025-02-01
366068,1,2025-02-01
366069,1,2025-02-01
366070,12,2025-02-01
366071,10,2025-02-01
366072,3,2025-02-01
366073,11,2025-02-01
366074,3,2025-02-01
366075,4,2025-02-01
366076,2,2025-02-01
366077,3,2025-02-01
366078,4,2025-02-01
366079,12,2025-02-01
366081,4,2025-02-01
366082,5,2025-02-01
366083,5,2025-02-01
366084,30,2025-02-01
366085,15,2025-02-01
366086,14,2025-02-01
366087,6,2025-02-01
366088,3,2025-02-01
366089,8,2025-02-01
366090,8,2025-02-01
366093,5,2025-02-01
366094,6,2025-02-01
366095,7,2025-02-01
366096,5,2025-02-01
366097,2,2025-02-01
366099,3,2025-02-01
366100,7,2025-02-01
366102,1,2025-02-01
366103,6,2025-02-01
366104,3,2025-02-01
366105,4,2025-02-01
366106,2,2025-02-01
366107,11,2025-02-01
366108,2,2025-02-01
366109,1,2025-02-01
366110,1,2025-02-01
367011,1,2025-02-01
367032,2,2025-02-01
367033,5,2025-02-01
367034,12,2025-02-01
367035,1,2025-02-01
367036,7,2025-02-01
367038,18,2025-02-01
367039,2,2025-02-01
367040,7,2025-02-01
367041,10,2025-02-01
367042,3,2025-02-01
367043,11,2025-02-01
367044,6,2025-02-01
367045,5,2025-02-01
367046,15,2025-02-01
367049,4,2025-02-01
367050,9,2025-02-01
367051,10,2025-02-01
367052,38,2025-02-01
367053,17,2025-02-01
367054,3,2025-02-01
367055,4,2025-02-01
367056,2,2025-02-01
367057,10,2025-02-01
367058,2,2025-02-01
367059,3,2025-02-01
367061,7,2025-02-01
367062,6,2025-02-01
367063,6,2025-02-01
367064,7,2025-02-01
367065,4,2025-02-01
367066,6,2025-02-01
367067,1,2025-02-01
367068,5,2025-02-01
367069,3,2025-02-01
367070,7,2025-02-01
367071,3,2025-02-01
367072,6,2025-02-01
367073,4,2025-02-01
367074,4,2025-02-01
367075,5,2025-02-01
367076,3,2025-02-01
367077,1,2025-02-01
367078,3,2025-02-01
367999,8,2025-02-01
368000,9,2025-02-01
368001,4,2025-02-01
368002,6,2025-02-01
368003,4,2025-02-01
368004,3,2025-02-01
368007,4,2025-02-01
368008,9,2025-02-01
368009,4,2025-02-01
368013,3,2025-02-01
368014,17,2025-02-01
368015,6,2025-02-01
368016,6,2025-02-01
368017,2,2025-02-01
368018,13,2025-02-01
368019,5,2025-02-01
368020,28,2025-02-01
368021,13,2025-02-01
368022,7,2025-02-01
368023,7,2025-02-01
368024,4,2025-02-01
368025,9,2025-02-01
368026,8,2025-02-01
368027,12,2025-02-01
368028,4,2025-02-01
368029,7,2025-02-01
368030,3,2025-02-01
368032,2,2025-02-01
368033,2,2025-02-01
368034,1,2025-02-01
368035,6,2025-02-01
368036,8,2025-02-01
368037,7,2025-02-01
368038,2,2025-02-01
368039,5,2025-02-01
368040,4,2025-02-01
368041,5,2025-02-01
368042,4,2025-02-01
368043,10,2025-02-01
368044,7,2025-02-01
368045,1,2025-02-01
368047,1,2025-02-01
368953,3,2025-02-01
368954,1,2025-02-01
368955,6,2025-02-01
368956,3,2025-02-01
368957,1,2025-02-01
368961,5,2025-02-01
368962,5,2025-02-01
368963,5,2025-02-01
368965,7,2025-02-01
368966,9,2025-02-01
368967,2,2025-02-01
368968,9,2025-02-01
368969,5,2025-02-01
368970,11,2025-02-01
368971,1,2025-02-01
368972,3,2025-02-01
368975,3,2025-02-01
368976,11,2025-02-01
368977,16,2025-02-01
368982,21,2025-02-01
368983,6,2025-02-01
368984,15,2025-02-01
368985,14,2025-02-01
368986,11,2025-02-01
368987,8,2025-02-01
368988,34,2025-02-01
368989,25,2025-02-01
368990,18,2025-02-01
368991,8,2025-02-01
368992,5,2025-02-01
368993,5,2025-02-01
368994,7,2025-02-01
368995,13,2025-02-01
368996,5,2025-02-01
368997,10,2025-02-01
368998,3,2025-02-01
368999,6,2025-02-01
369000,6,2025-02-01
369001,6,2025-02-01
369002,1,2025-02-01
369003,2,2025-02-01
369004,3,2025-02-01
369006,1,2025-02-01
369007,2,2025-02-01
369008,6,2025-02-01
369009,6,2025-02-01
369010,2,2025-02-01
369011,7,2025-02-01
369012,8,2025-02-01
369013,1,2025-02-01
369922,2,2025-02-01
369923,2,2025-02-01
369924,5,2025-02-01
369925,4,2025-02-01
369926,6,2025-02-01
369927,5,2025-02-01
369928,2,2025-02-01
369929,2,2025-02-01
369930,7,2025-02-01
369931,3,2025-02-01
369932,7,2025-02-01
369933,7,2025-02-01
369934,29,2025-02-01
369935,23,2025-02-01
369936,7,2025-02-01
369937,2,2025-02-01
369938,3,2025-02-01
369939,1,2025-02-01
369941,2,2025-02-01
369942,3,2025-02-01
369943,1,2025-02-01
369944,17,2025-02-01
369945,43,2025-02-01
369946,12,2025-02-01
369950,25,2025-02-01
369951,26,2025-02-01
369952,16,2025-02-01
369953,1,2025-02-01
369954,10,2025-02-01
369955,1,2025-02-01
369956,9,2025-02-01
369957,19,2025-02-01
369958,4,2025-02-01
369959,2,2025-02-01
369960,8,2025-02-01
369961,6,2025-02-01
369962,15,2025-02-01
369963,8,2025-02-01
369964,8,2025-02-01
369965,30,2025-02-01
369966,11,2025-02-01
369967,2,2025-02-01
369968,4,2025-02-01
369969,5,2025-02-01
369970,8,2025-02-01
369971,5,2025-02-01
369972,2,2025-02-01
369973,9,2025-02-01
369974,5,2025-02-01
369975,10,2025-02-01
369976,6,2025-02-01
369977,11,2025-02-01
369978,8,2025-02-01
369980,2,2025-02-01
369981,4,2025-02-01
370891,4,2025-02-01
370892,2,2025-02-01
370893,3,2025-02-01
370894,6,2025-02-01
370895,2,2025-02-01
370896,4,2025-02-01
370897,7,2025-02-01
370898,11,2025-02-01
370899,2,2025-02-01
370900,4,2025-02-01
370901,4,2025-02-01
370902,6,2025-02-01
370903,7,2025-02-01
370904,6,2025-02-01
370905,4,2025-02-01
370906,4,2025-02-01
370909,1,2025-02-01
370911,5,2025-02-01
370912,4,2025-02-01
370913,11,2025-02-01
370914,6,2025-02-01
370915,3,2025-02-01
370916,3,2025-02-01
370917,1,2025-02-01
370919,13,2025-02-01
370920,4,2025-02-01
370921,1,2025-02-01
370922,5,2025-02-01
370923,6,2025-02-01
370924,5,2025-02-01
370925,6,2025-02-01
370926,3,2025-02-01
370927,9,2025-02-01
370928,13,2025-02-01
370929,12,2025-02-01
370930,1,2025-02-01
370931,8,2025-02-01
370932,1,2025-02-01
370933,1,2025-02-01
370934,16,2025-02-01
370935,7,2025-02-01
370936,5,2025-02-01
370937,2,2025-02-01
370938,10,2025-02-01
370939,10,2025-02-01
370940,5,2025-02-01
370941,7,2025-02-01
370942,4,2025-02-01
370943,2,2025-02-01
370944,13,2025-02-01
370945,9,2025-02-01
370946,8,2025-02-01
370947,5,2025-02-01
370948,12,2025-02-01
370949,6,2025-02-01
371859,2,2025-02-01
371860,5,2025-02-01
371861,3,2025-02-01
371862,8,2025-02-01
371863,3,2025-02-01
371864,4,2025-02-01
371865,4,2025-02-01
371866,1,2025-02-01
371867,2,2025-02-01
371869,12,2025-02-01
371870,15,2025-02-01
371871,9,2025-02-01
371872,6,2025-02-01
371874,1,2025-02-01
371880,4,2025-02-01
371881,2,2025-02-01
371882,6,2025-02-01
371883,8,2025-02-01
371884,6,2025-02-01
371885,16,2025-02-01
371886,15,2025-02-01
371887,22,2025-02-01
371888,20,2025-02-01
371890,8,2025-02-01
371892,11,2025-02-01
371893,3,2025-02-01
371894,12,2025-02-01
371895,4,2025-02-01
371896,18,2025-02-01
371897,18,2025-02-01
371898,2,2025-02-01
371899,19,2025-02-01
371900,3,2025-02-01
371901,11,2025-02-01
371902,24,2025-02-01
371903,19,2025-02-01
371904,11,2025-02-01
371905,9,2025-02-01
371906,5,2025-02-01
371907,2,2025-02-01
371908,2,2025-02-01
371909,17,2025-02-01
371910,9,2025-02-01
371911,7,2025-02-01
371912,12,2025-02-01
371913,6,2025-02-01
371914,17,2025-02-01
371915,19,2025-02-01
371916,6,2025-02-01
371917,5,2025-02-01
371918,6,2025-02-01
372831,9,2025-02-01
372832,7,2025-02-01
372833,6,2025-02-01
372834,4,2025-02-01
372835,9,2025-02-01
372837,6,2025-02-01
372838,5,2025-02-01
372839,7,2025-02-01
372840,6,2025-02-01
372849,7,2025-02-01
372850,9,2025-02-01
372851,12,2025-02-01
372852,4,2025-02-01
372853,7,2025-02-01
372854,8,2025-02-01
372855,11,2025-02-01
372856,9,2025-02-01
372857,5,2025-02-01
372858,15,2025-02-01
372859,6,2025-02-01
372860,8,2025-02-01
372861,7,2025-02-01
372862,9,2025-02-01
372863,3,2025-02-01
372864,4,2025-02-01
372865,2,2025-02-01
372866,7,2025-02-01
372868,6,2025-02-01
372869,6,2025-02-01
372870,2,2025-02-01
372871,30,2025-02-01
372872,16,2025-02-01
372873,11,2025-02-01
372874,2,2025-02-01
372876,3,2025-02-01
372877,6,2025-02-01
372878,7,2025-02-01
372879,9,2025-02-01
372880,15,2025-02-01
372881,17,2025-02-01
372882,10,2025-02-01
372883,8,2025-02-01
372884,7,2025-02-01
372885,7,2025-02-01
372886,11,2025-02-01
372887,3,2025-02-01
373799,6,2025-02-01
373800,2,2025-02-01
373801,7,2025-02-01
373802,12,2025-02-01
373803,4,2025-02-01
373804,7,2025-02-01
373805,5,2025-02-01
373806,2,2025-02-01
373807,4,2025-02-01
373808,2,2025-02-01
373809,2,2025-02-01
373810,1,2025-02-01
373817,7,2025-02-01
373818,8,2025-02-01
373819,9,2025-02-01
373820,2,2025-02-01
373821,6,2025-02-01
373822,10,2025-02-01
373823,7,2025-02-01
373824,17,2025-02-01
373825,7,2025-02-01
373826,23,2025-02-01
373827,22,2025-02-01
373828,22,2025-02-01
373829,10,2025-02-01
373830,6,2025-02-01
373831,8,2025-02-01
373832,14,2025-02-01
373833,2,2025-02-01
373834,2,2025-02-01
373835,2,2025-02-01
373836,5,2025-02-01
373837,7,2025-02-01
373838,1,2025-02-01
373840,8,2025-02-01
373841,11,2025-02-01
373842,6,2025-02-01
373843,2,2025-02-01
373844,7,2025-02-01
373845,3,2025-02-01
373846,7,2025-02-01
373847,12,2025-02-01
373848,15,2025-02-01
373849,20,2025-02-01
373850,16,2025-02-01
373851,10,2025-02-01
373852,6,2025-02-01
373853,4,2025-02-01
373854,13,2025-02-01
373855,5,2025-02-01
374768,1,2025-02-01
374769,5,2025-02-01
374770,5,2025-02-01
374771,11,2025-02-01
374772,8,2025-02-01
374773,5,2025-02-01
374774,4,2025-02-01
374775,2,2025-02-01
374776,2,2025-02-01
374777,1,2025-02-01
374778,2,2025-02-01
374779,2,2025-02-01
374784,1,2025-02-01
374785,13,2025-02-01
374786,19,2025-02-01
374787,19,2025-02-01
374789,2,2025-02-01
374790,4,2025-02-01
374791,10,2025-02-01
374792,15,2025-02-01
374793,3,2025-02-01
374794,10,2025-02-01
374795,14,2025-02-01
374796,7,2025-02-01
374797,6,2025-02-01
374798,13,2025-02-01
374799,9,2025-02-01
374800,2,2025-02-01
374801,13,2025-02-01
374802,2,2025-02-01
374803,11,2025-02-01
374804,7,2025-02-01
374805,3,2025-02-01
374806,2,2025-02-01
374807,8,2025-02-01
374808,13,2025-02-01
374809,13,2025-02-01
374810,15,2025-02-01
374811,7,2025-02-01
374812,10,2025-02-01
374813,10,2025-02-01
374814,12,2025-02-01
374815,24,2025-02-01
374816,10,2025-02-01
374817,13,2025-02-01
374818,17,2025-02-01
374819,9,2025-02-01
374820,14,2025-02-01
374821,7,2025-02-01
374822,2,2025-02-01
375735,1,2025-02-01
375736,2,2025-02-01
375737,1,2025-02-01
375738,7,2025-02-01
375739,4,2025-02-01
375740,16,2025-02-01
375741,7,2025-02-01
375742,2,2025-02-01
375743,5,2025-02-01
375744,2,2025-02-01
375746,4,2025-02-01
375753,1,2025-02-01
375754,7,2025-02-01
375755,13,2025-02-01
375758,7,2025-02-01
375759,16,2025-02-01
375760,31,2025-02-01
375761,10,2025-02-01
375762,9,2025-02-01
375763,10,2025-02-01
375764,5,2025-02-01
375765,14,2025-02-01
375766,8,2025-02-01
375767,5,2025-02-01
375768,9,2025-02-01
375769,1,2025-02-01
375770,19,2025-02-01
375771,21,2025-02-01
375772,8,2025-02-01
375773,13,2025-02-01
375774,4,2025-02-01
375775,27,2025-02-01
375776,7,2025-02-01
375778,7,2025-02-01
375779,3,2025-02-01
375780,16,2025-02-01
375781,12,2025-02-01
375782,27,2025-02-01
375783,28,2025-02-01
375784,16,2025-02-01
375785,10,2025-02-01
375786,10,2025-02-01
375787,8,2025-02-01
375788,2,2025-02-01
375789,10,2025-02-01
375790,10,2025-02-01
376704,2,2025-02-01
376705,3,2025-02-01
376706,12,2025-02-01
376707,6,2025-02-01
376708,15,2025-02-01
376709,3,2025-02-01
376710,2,2025-02-01
376712,2,2025-02-01
376716,2,2025-02-01
376719,4,2025-02-01
376720,4,2025-02-01
376722,19,2025-02-01
376723,12,2025-02-01
376724,15,2025-02-01
376725,4,2025-02-01
376726,1,2025-02-01
376727,5,2025-02-01
376728,6,2025-02-01
376729,11,2025-02-01
376730,4,2025-02-01
376731,15,2025-02-01
376732,19,2025-02-01
376733,13,2025-02-01
376734,13,2025-02-01
376736,1,2025-02-01
376737,12,2025-02-01
376738,38,2025-02-01
376739,19,2025-02-01
376740,15,2025-02-01
376741,19,2025-02-01
376742,11,2025-02-01
376743,17,2025-02-01
376744,17,2025-02-01
376745,2,2025-02-01
376746,1,2025-02-01
376747,7,2025-02-01
376748,8,2025-02-01
376749,20,2025-02-01
376750,1,2025-02-01
376751,16,2025-02-01
376752,11,2025-02-01
376753,17,2025-02-01
376754,2,2025-02-01
376755,5,2025-02-01
376756,11,2025-02-01
376757,5,2025-02-01
376758,2,2025-02-01
376762,2,2025-02-01
377670,1,2025-02-01
377671,2,2025-02-01
377672,2,2025-02-01
377673,1,2025-02-01
377674,2,2025-02-01
377675,15,2025-02-01
377676,3,2025-02-01
377678,2,2025-02-01
377680,2,2025-02-01
377684,1,2025-02-01
377685,2,2025-02-01
377686,10,2025-02-01
377687,7,2025-02-01
377688,12,2025-02-01
377689,4,2025-02-01
377690,4,2025-02-01
377691,2,2025-02-01
377692,3,2025-02-01
377693,14,2025-02-01
377694,2,2025-02-01
377695,2,2025-02-01
377696,24,2025-02-01
377697,16,2025-02-01
377698,12,2025-02-01
377699,26,2025-02-01
377700,10,2025-02-01
377701,2,2025-02-01
377702,3,2025-02-01
377704,8,2025-02-01
377705,3,2025-02-01
377706,33,2025-02-01
377707,12,2025-02-01
377708,6,2025-02-01
377709,20,2025-02-01
377710,9,2025-02-01
377711,7,2025-02-01
377712,9,2025-02-01
377713,5,2025-02-01
377714,2,2025-02-01
377715,25,2025-02-01
377716,4,2025-02-01
377717,8,2025-02-01
377718,1,2025-02-01
377719,33,2025-02-01
377720,4,2025-02-01
377721,11,2025-02-01
377722,5,2025-02-01
377723,1,2025-02-01
377724,4,2025-02-01
377726,2,2025-02-01
377727,1,2025-02-01
377729,2,2025-02-01
377731,1,2025-02-01
378636,1,2025-02-01
378637,3,2025-02-01
378638,4,2025-02-01
378639,5,2025-02-01
378640,5,2025-02-01
378641,2,2025-02-01
378642,2,2025-02-01
378643,9,2025-02-01
378644,6,2025-02-01
378645,2,2025-02-01
378646,6,2025-02-01
378647,8,2025-02-01
378648,8,2025-02-01
378649,2,2025-02-01
378654,7,2025-02-01
378655,8,2025-02-01
378656,5,2025-02-01
378657,6,2025-02-01
378658,11,2025-02-01
378659,2,2025-02-01
378660,1,2025-02-01
378662,5,2025-02-01
378663,13,2025-02-01
378664,21,2025-02-01
378665,26,2025-02-01
378666,19,2025-02-01
378667,52,2025-02-01
378668,22,2025-02-01
378669,12,2025-02-01
378670,9,2025-02-01
378671,3,2025-02-01
378673,23,2025-02-01
378674,7,2025-02-01
378675,8,2025-02-01
378676,23,2025-02-01
378677,11,2025-02-01
378678,8,2025-02-01
378679,7,2025-02-01
378680,13,2025-02-01
378681,16,2025-02-01
378682,2,2025-02-01
378683,7,2025-02-01
378684,18,2025-02-01
378685,15,2025-02-01
378686,2,2025-02-01
378687,9,2025-02-01
378688,5,2025-02-01
378690,7,2025-02-01
378691,2,2025-02-01
378692,1,2025-02-01
378693,1,2025-02-01
378700,1,2025-02-01
379592,1,2025-02-01
379604,3,2025-02-01
379605,8,2025-02-01
379606,7,2025-02-01
379607,2,2025-02-01
379608,6,2025-02-01
379611,3,2025-02-01
379612,6,2025-02-01
379613,3,2025-02-01
379614,5,2025-02-01
379615,5,2025-02-01
379616,1,2025-02-01
379617,1,2025-02-01
379618,1,2025-02-01
379623,2,2025-02-01
379624,9,2025-02-01
379625,7,2025-02-01
379626,12,2025-02-01
379627,5,2025-02-01
379628,1,2025-02-01
379630,12,2025-02-01
379631,7,2025-02-01
379632,32,2025-02-01
379633,21,2025-02-01
379634,29,2025-02-01
379635,60,2025-02-01
379636,21,2025-02-01
379637,13,2025-02-01
379638,14,2025-02-01
379639,15,2025-02-01
379641,21,2025-02-01
379642,17,2025-02-01
379643,6,2025-02-01
379644,27,2025-02-01
379645,18,2025-02-01
379646,7,2025-02-01
379647,3,2025-02-01
379648,29,2025-02-01
379649,4,2025-02-01
379650,3,2025-02-01
379651,11,2025-02-01
379652,9,2025-02-01
379653,6,2025-02-01
379654,34,2025-02-01
379655,7,2025-02-01
379656,7,2025-02-01
379658,3,2025-02-01
379659,4,2025-02-01
379660,5,2025-02-01
379663,1,2025-02-01
379667,3,2025-02-01
379668,2,2025-02-01
379669,1,2025-02-01
379674,1,2025-02-01
380566,2,2025-02-01
380572,5,2025-02-01
380573,5,2025-02-01
380574,2,2025-02-01
380575,4,2025-02-01
380576,1,2025-02-01
380577,3,2025-02-01
380578,6,2025-02-01
380579,5,2025-02-01
380580,2,2025-02-01
380581,2,2025-02-01
380582,14,2025-02-01
380583,6,2025-02-01
380584,7,2025-02-01
380585,3,2025-02-01
380587,4,2025-02-01
380588,1,2025-02-01
380589,13,2025-02-01
380590,7,2025-02-01
380591,7,2025-02-01
380592,10,2025-02-01
380593,15,2025-02-01
380594,6,2025-02-01
380595,6,2025-02-01
380596,2,2025-02-01
380597,13,2025-02-01
380598,8,2025-02-01
380599,24,2025-02-01
380600,21,2025-02-01
380601,23,2025-02-01
380602,44,2025-02-01
380603,47,2025-02-01
380604,24,2025-02-01
380605,18,2025-02-01
380606,11,2025-02-01
380607,21,2025-02-01
380608,14,2025-02-01
380609,21,2025-02-01
380610,21,2025-02-01
380611,7,2025-02-01
380612,18,2025-02-01
380613,33,2025-02-01
380614,22,2025-02-01
380615,30,2025-02-01
380616,5,2025-02-01
380617,10,2025-02-01
380618,13,2025-02-01
380619,19,2025-02-01
380620,14,2025-02-01
380621,20,2025-02-01
380622,18,2025-02-01
380623,11,2025-02-01
380624,6,2025-02-01
380626,5,2025-02-01
380627,3,2025-02-01
380628,2,2025-02-01
380629,1,2025-02-01
380634,2,2025-02-01
380635,5,2025-02-01
380636,5,2025-02-01
381532,1,2025-02-01
381535,2,2025-02-01
381537,5,2025-02-01
381539,6,2025-02-01
381540,15,2025-02-01
381541,5,2025-02-01
381542,6,2025-02-01
381543,3,2025-02-01
381544,1,2025-02-01
381545,4,2025-02-01
381546,3,2025-02-01
381547,7,2025-02-01
381548,1,2025-02-01
381549,3,2025-02-01
381550,10,2025-02-01
381551,5,2025-02-01
381552,10,2025-02-01
381553,11,2025-02-01
381554,7,2025-02-01
381555,6,2025-02-01
381556,1,2025-02-01
381557,7,2025-02-01
381558,8,2025-02-01
381559,6,2025-02-01
381560,9,2025-02-01
381561,34,2025-02-01
381562,21,2025-02-01
381563,5,2025-02-01
381564,19,2025-02-01
381565,24,2025-02-01
381566,32,2025-02-01
381567,24,2025-02-01
381568,18,2025-02-01
381569,28,2025-02-01
381570,34,2025-02-01
381571,33,2025-02-01
381572,28,2025-02-01
381573,33,2025-02-01
381574,42,2025-02-01
381575,27,2025-02-01
381576,36,2025-02-01
381577,33,2025-02-01
381578,14,2025-02-01
381579,11,2025-02-01
381580,34,2025-02-01
381581,19,2025-02-01
381582,40,2025-02-01
381583,33,2025-02-01
381584,19,2025-02-01
381585,16,2025-02-01
381586,10,2025-02-01
381587,11,2025-02-01
381588,13,2025-02-01
381589,10,2025-02-01
381590,10,2025-02-01
381591,15,2025-02-01
381592,13,2025-02-01
381593,9,2025-02-01
381594,23,2025-02-01
381595,6,2025-02-01
381600,3,2025-02-01
381602,4,2025-02-01
381603,2,2025-02-01
381604,7,2025-02-01
381605,2,2025-02-01
382500,1,2025-02-01
382501,2,2025-02-01
382503,3,2025-02-01
382504,3,2025-02-01
382505,2,2025-02-01
382506,5,2025-02-01
382507,4,2025-02-01
382508,2,2025-02-01
382509,6,2025-02-01
382510,3,2025-02-01
382511,6,2025-02-01
382512,2,2025-02-01
382513,6,2025-02-01
382516,3,2025-02-01
382517,4,2025-02-01
382518,7,2025-02-01
382519,2,2025-02-01
382520,2,2025-02-01
382521,16,2025-02-01
382522,1,2025-02-01
382525,1,2025-02-01
382526,14,2025-02-01
382527,4,2025-02-01
382528,6,2025-02-01
382529,21,2025-02-01
382530,2,2025-02-01
382531,6,2025-02-01
382532,37,2025-02-01
382533,24,2025-02-01
382534,21,2025-02-01
382535,27,2025-02-01
382536,36,2025-02-01
382537,20,2025-02-01
382538,22,2025-02-01
382539,2,2025-02-01
382540,22,2025-02-01
382541,56,2025-02-01
382542,49,2025-02-01
382543,35,2025-02-01
382544,44,2025-02-01
382545,31,2025-02-01
382546,19,2025-02-01
382547,11,2025-02-01
382548,31,2025-02-01
382549,34,2025-02-01
382550,18,2025-02-01
382551,6,2025-02-01
382552,11,2025-02-01
382553,11,2025-02-01
382554,10,2025-02-01
382555,33,2025-02-01
382556,11,2025-02-01
382557,13,2025-02-01
382558,11,2025-02-01
382559,8,2025-02-01
382560,16,2025-02-01
382561,3,2025-02-01
382563,2,2025-02-01
382567,2,2025-02-01
382568,4,2025-02-01
382569,1,2025-02-01
382570,8,2025-02-01
382571,5,2025-02-01
382572,9,2025-02-01
382573,11,2025-02-01
382574,1,2025-02-01
382575,2,2025-02-01
383470,5,2025-02-01
383471,5,2025-02-01
383472,4,2025-02-01
383473,4,2025-02-01
383474,11,2025-02-01
383475,8,2025-02-01
383476,4,2025-02-01
383477,3,2025-02-01
383478,11,2025-02-01
383479,3,2025-02-01
383480,3,2025-02-01
383481,8,2025-02-01
383482,7,2025-02-01
383483,4,2025-02-01
383484,1,2025-02-01
383485,4,2025-02-01
383486,4,2025-02-01
383487,6,2025-02-01
383488,16,2025-02-01
383489,4,2025-02-01
383490,3,2025-02-01
383491,5,2025-02-01
383492,4,2025-02-01
383493,12,2025-02-01
383494,4,2025-02-01
383495,11,2025-02-01
383496,6,2025-02-01
383497,25,2025-02-01
383498,3,2025-02-01
383499,3,2025-02-01
383500,21,2025-02-01
383501,19,2025-02-01
383502,54,2025-02-01
383503,42,2025-02-01
383504,26,2025-02-01
383505,32,2025-02-01
383506,24,2025-02-01
383507,10,2025-02-01
383508,38,2025-02-01
383509,52,2025-02-01
383510,41,2025-02-01
383511,44,2025-02-01
383512,55,2025-02-01
383513,49,2025-02-01
383514,21,2025-02-01
383515,80,2025-02-01
383516,39,2025-02-01
383517,21,2025-02-01
383518,18,2025-02-01
383519,25,2025-02-01
383520,29,2025-02-01
383521,19,2025-02-01
383522,39,2025-02-01
383523,9,2025-02-01
383524,7,2025-02-01
383525,15,2025-02-01
383526,13,2025-02-01
383527,18,2025-02-01
383528,5,2025-02-01
383529,24,2025-02-01
383530,11,2025-02-01
383531,6,2025-02-01
383532,6,2025-02-01
383533,7,2025-02-01
383534,4,2025-02-01
383535,2,2025-02-01
383536,1,2025-02-01
383538,1,2025-02-01
383539,7,2025-02-01
383540,5,2025-02-01
383541,2,2025-02-01
383550,1,2025-02-01
384439,6,2025-02-01
384440,8,2025-02-01
384441,14,2025-02-01
384442,7,2025-02-01
384443,17,2025-02-01
384444,10,2025-02-01
384445,18,2025-02-01
384446,10,2025-02-01
384447,2,2025-02-01
384448,3,2025-02-01
384449,7,2025-02-01
384451,12,2025-02-01
384452,6,2025-02-01
384453,4,2025-02-01
384454,3,2025-02-01
384455,15,2025-02-01
384456,5,2025-02-01
384457,8,2025-02-01
384458,5,2025-02-01
384459,5,2025-02-01
384460,2,2025-02-01
384461,16,2025-02-01
384462,5,2025-02-01
384463,8,2025-02-01
384464,44,2025-02-01
384465,22,2025-02-01
384466,29,2025-02-01
384467,12,2025-02-01
384468,28,2025-02-01
384469,21,2025-02-01
384470,15,2025-02-01
384471,15,2025-02-01
384472,72,2025-02-01
384473,52,2025-02-01
384474,25,2025-02-01
384475,29,2025-02-01
384476,28,2025-02-01
384477,88,2025-02-01
384478,89,2025-02-01
384479,42,2025-02-01
384480,29,2025-02-01
384481,11,2025-02-01
384482,60,2025-02-01
384483,64,2025-02-01
384484,59,2025-02-01
384485,46,2025-02-01
384486,33,2025-02-01
384487,16,2025-02-01
384488,3,2025-02-01
384489,4,2025-02-01
384490,12,2025-02-01
384491,1,2025-02-01
384492,6,2025-02-01
384493,7,2025-02-01
384494,9,2025-02-01
384495,10,2025-02-01
384496,14,2025-02-01
384497,9,2025-02-01
384498,8,2025-02-01
384499,5,2025-02-01
384500,10,2025-02-01
384501,7,2025-02-01
384502,10,2025-02-01
384503,9,2025-02-01
384504,1,2025-02-01
384506,9,2025-02-01
384507,9,2025-02-01
384508,5,2025-02-01
384509,4,2025-02-01
384510,1,2025-02-01
384511,1,2025-02-01
385407,3,2025-02-01
385408,1,2025-02-01
385409,10,2025-02-01
385410,13,2025-02-01
385411,30,2025-02-01
385412,9,2025-02-01
385413,11,2025-02-01
385414,2,2025-02-01
385415,3,2025-02-01
385416,7,2025-02-01
385417,13,2025-02-01
385418,7,2025-02-01
385419,4,2025-02-01
385420,3,2025-02-01
385421,1,2025-02-01
385422,3,2025-02-01
385423,16,2025-02-01
385424,12,2025-02-01
385425,6,2025-02-01
385426,23,2025-02-01
385427,17,2025-02-01
385428,4,2025-02-01
385429,15,2025-02-01
385430,11,2025-02-01
385431,20,2025-02-01
385432,8,2025-02-01
385433,12,2025-02-01
385434,25,2025-02-01
385435,10,2025-02-01
385436,12,2025-02-01
385437,21,2025-02-01
385438,32,2025-02-01
385439,48,2025-02-01
385440,27,2025-02-01
385441,56,2025-02-01
385442,32,2025-02-01
385443,4,2025-02-01
385445,67,2025-02-01
385446,58,2025-02-01
385447,14,2025-02-01
385448,36,2025-02-01
385449,25,2025-02-01
385450,51,2025-02-01
385451,48,2025-02-01
385452,34,2025-02-01
385453,39,2025-02-01
385454,24,2025-02-01
385455,19,2025-02-01
385456,2,2025-02-01
385457,1,2025-02-01
385458,1,2025-02-01
385459,2,2025-02-01
385460,10,2025-02-01
385461,10,2025-02-01
385462,10,2025-02-01
385463,3,2025-02-01
385464,8,2025-02-01
385465,10,2025-02-01
385466,16,2025-02-01
385467,11,2025-02-01
385468,19,2025-02-01
385469,14,2025-02-01
385470,2,2025-02-01
385471,10,2025-02-01
385472,2,2025-02-01
385473,4,2025-02-01
385474,4,2025-02-01
385475,13,2025-02-01
385476,17,2025-02-01
385478,3,2025-02-01
385479,7,2025-02-01
385480,1,2025-02-01
386375,4,2025-02-01
386376,6,2025-02-01
386377,4,2025-02-01
386378,7,2025-02-01
386379,6,2025-02-01
386380,8,2025-02-01
386381,5,2025-02-01
386382,6,2025-02-01
386383,4,2025-02-01
386384,4,2025-02-01
386385,3,2025-02-01
386386,7,2025-02-01
386387,7,2025-02-01
386388,5,2025-02-01
386389,8,2025-02-01
386390,21,2025-02-01
386391,16,2025-02-01
386392,16,2025-02-01
386393,12,2025-02-01
386394,4,2025-02-01
386395,9,2025-02-01
386396,2,2025-02-01
386397,8,2025-02-01
386398,3,2025-02-01
386399,7,2025-02-01
386401,15,2025-02-01
386402,34,2025-02-01
386403,16,2025-02-01
386404,13,2025-02-01
386405,3,2025-02-01
386406,36,2025-02-01
386407,45,2025-02-01
386408,33,2025-02-01
386409,42,2025-02-01
386410,8,2025-02-01
386411,2,2025-02-01
386413,53,2025-02-01
386414,38,2025-02-01
386415,29,2025-02-01
386416,21,2025-02-01
386417,11,2025-02-01
386418,10,2025-02-01
386419,25,2025-02-01
386420,35,2025-02-01
386421,18,2025-02-01
386422,13,2025-02-01
386423,24,2025-02-01
386424,2,2025-02-01
386426,5,2025-02-01
386428,8,2025-02-01
386429,9,2025-02-01
386430,11,2025-02-01
386431,20,2025-02-01
386432,10,2025-02-01
386433,9,2025-02-01
386434,5,2025-02-01
386435,13,2025-02-01
386436,14,2025-02-01
386437,3,2025-02-01
386438,7,2025-02-01
386439,3,2025-02-01
386440,10,2025-02-01
386441,9,2025-02-01
386442,4,2025-02-01
386443,17,2025-02-01
386444,8,2025-02-01
386445,3,2025-02-01
386446,3,2025-02-01
386447,5,2025-02-01
386448,5,2025-02-01
387343,1,2025-02-01
387344,5,2025-02-01
387345,2,2025-02-01
387346,10,2025-02-01
387347,2,2025-02-01
387348,7,2025-02-01
387349,2,2025-02-01
387350,9,2025-02-01
387351,4,2025-02-01
387352,7,2025-02-01
387353,7,2025-02-01
387354,3,2025-02-01
387355,10,2025-02-01
387356,8,2025-02-01
387357,11,2025-02-01
387358,22,2025-02-01
387359,11,2025-02-01
387360,7,2025-02-01
387361,16,2025-02-01
387362,19,2025-02-01
387363,1,2025-02-01
387364,9,2025-02-01
387365,3,2025-02-01
387366,6,2025-02-01
387367,7,2025-02-01
387369,4,2025-02-01
387370,23,2025-02-01
387371,31,2025-02-01
387372,22,2025-02-01
387373,13,2025-02-01
387374,9,2025-02-01
387375,23,2025-02-01
387376,32,2025-02-01
387377,32,2025-02-01
387378,16,2025-02-01
387379,1,2025-02-01
387380,2,2025-02-01
387381,22,2025-02-01
387382,90,2025-02-01
387383,46,2025-02-01
387384,38,2025-02-01
387385,8,2025-02-01
387386,42,2025-02-01
387387,15,2025-02-01
387388,18,2025-02-01
387389,40,2025-02-01
387390,32,2025-02-01
387391,13,2025-02-01
387395,8,2025-02-01
387397,14,2025-02-01
387398,25,2025-02-01
387399,11,2025-02-01
387402,3,2025-02-01
387403,17,2025-02-01
387404,9,2025-02-01
387405,2,2025-02-01
387406,10,2025-02-01
387407,8,2025-02-01
387408,5,2025-02-01
387409,5,2025-02-01
387410,8,2025-02-01
387411,9,2025-02-01
387412,2,2025-02-01
387413,3,2025-02-01
387416,1,2025-02-01
388312,1,2025-02-01
388313,3,2025-02-01
388314,7,2025-02-01
388315,5,2025-02-01
388316,3,2025-02-01
388317,2,2025-02-01
388318,8,2025-02-01
388319,9,2025-02-01
388320,5,2025-02-01
388321,4,2025-02-01
388322,2,2025-02-01
388323,2,2025-02-01
388324,11,2025-02-01
388325,29,2025-02-01
388326,14,2025-02-01
388327,7,2025-02-01
388328,14,2025-02-01
388329,13,2025-02-01
388330,39,2025-02-01
388331,29,2025-02-01
388332,8,2025-02-01
388333,6,2025-02-01
388334,4,2025-02-01
388335,4,2025-02-01
388336,13,2025-02-01
388337,21,2025-02-01
388338,35,2025-02-01
388339,3,2025-02-01
388340,41,2025-02-01
388341,5,2025-02-01
388342,4,2025-02-01
388343,9,2025-02-01
388344,22,2025-02-01
388345,26,2025-02-01
388346,49,2025-02-01
388347,3,2025-02-01
388349,14,2025-02-01
388350,62,2025-02-01
388351,72,2025-02-01
388352,20,2025-02-01
388353,1,2025-02-01
388354,2,2025-02-01
388355,5,2025-02-01
388356,19,2025-02-01
388357,33,2025-02-01
388358,33,2025-02-01
388359,6,2025-02-01
388362,6,2025-02-01
388363,12,2025-02-01
388364,13,2025-02-01
388365,11,2025-02-01
388366,16,2025-02-01
388367,14,2025-02-01
388368,5,2025-02-01
388369,5,2025-02-01
388370,1,2025-02-01
388371,16,2025-02-01
388372,12,2025-02-01
388373,13,2025-02-01
388374,7,2025-02-01
388375,4,2025-02-01
388376,4,2025-02-01
388377,2,2025-02-01
388378,2,2025-02-01
388379,2,2025-02-01
388380,3,2025-02-01
388381,4,2025-02-01
388382,1,2025-02-01
388383,1,2025-02-01
389274,1,2025-02-01
389275,1,2025-02-01
389279,1,2025-02-01
389280,1,2025-02-01
389281,6,2025-02-01
389282,4,2025-02-01
389283,6,2025-02-01
389284,10,2025-02-01
389285,8,2025-02-01
389286,9,2025-02-01
389287,9,2025-02-01
389288,11,2025-02-01
389289,3,2025-02-01
389290,1,2025-02-01
389291,5,2025-02-01
389292,3,2025-02-01
389293,10,2025-02-01
389294,13,2025-02-01
389295,3,2025-02-01
389296,11,2025-02-01
389297,17,2025-02-01
389298,10,2025-02-01
389299,8,2025-02-01
389300,21,2025-02-01
389301,14,2025-02-01
389302,1,2025-02-01
389303,5,2025-02-01
389304,4,2025-02-01
389305,3,2025-02-01
389306,16,2025-02-01
389307,19,2025-02-01
389308,11,2025-02-01
389309,9,2025-02-01
389310,1,2025-02-01
389312,19,2025-02-01
389313,24,2025-02-01
389314,6,2025-02-01
389315,3,2025-02-01
389316,5,2025-02-01
389317,49,2025-02-01
389318,63,2025-02-01
389319,67,2025-02-01
389320,1,2025-02-01
389321,2,2025-02-01
389323,23,2025-02-01
389324,45,2025-02-01
389325,41,2025-02-01
389326,18,2025-02-01
389327,4,2025-02-01
389328,12,2025-02-01
389329,9,2025-02-01
389330,9,2025-02-01
389331,11,2025-02-01
389332,5,2025-02-01
389333,12,2025-02-01
389334,13,2025-02-01
389335,5,2025-02-01
389336,13,2025-02-01
389337,12,2025-02-01
389338,7,2025-02-01
389339,4,2025-02-01
389340,14,2025-02-01
389341,3,2025-02-01
389342,7,2025-02-01
389343,5,2025-02-01
389344,6,2025-02-01
389345,1,2025-02-01
389346,3,2025-02-01
389347,16,2025-02-01
389348,8,2025-02-01
390240,1,2025-02-01
390241,2,2025-02-01
390242,7,2025-02-01
390243,8,2025-02-01
390244,2,2025-02-01
390249,2,2025-02-01
390250,3,2025-02-01
390251,20,2025-02-01
390252,13,2025-02-01
390253,9,2025-02-01
390254,2,2025-02-01
390255,5,2025-02-01
390256,2,2025-02-01
390261,17,2025-02-01
390262,6,2025-02-01
390263,9,2025-02-01
390264,12,2025-02-01
390265,8,2025-02-01
390266,4,2025-02-01
390267,4,2025-02-01
390268,9,2025-02-01
390269,30,2025-02-01
390270,68,2025-02-01
390271,31,2025-02-01
390272,21,2025-02-01
390274,7,2025-02-01
390275,49,2025-02-01
390276,19,2025-02-01
390277,47,2025-02-01
390278,15,2025-02-01
390279,17,2025-02-01
390280,28,2025-02-01
390281,23,2025-02-01
390282,11,2025-02-01
390283,6,2025-02-01
390284,33,2025-02-01
390285,60,2025-02-01
390286,76,2025-02-01
390287,32,2025-02-01
390288,20,2025-02-01
390289,15,2025-02-01
390290,7,2025-02-01
390291,42,2025-02-01
390292,24,2025-02-01
390293,21,2025-02-01
390294,15,2025-02-01
390295,22,2025-02-01
390296,11,2025-02-01
390297,15,2025-02-01
390298,11,2025-02-01
390299,33,2025-02-01
390300,1,2025-02-01
390301,6,2025-02-01
390302,18,2025-02-01
390303,12,2025-02-01
390304,9,2025-02-01
390305,13,2025-02-01
390306,10,2025-02-01
390307,6,2025-02-01
390308,23,2025-02-01
390309,8,2025-02-01
390310,3,2025-02-01
390311,6,2025-02-01
390312,9,2025-02-01
390313,7,2025-02-01
390314,2,2025-02-01
390315,3,2025-02-01
391207,4,2025-02-01
391209,1,2025-02-01
391211,1,2025-02-01
391214,2,2025-02-01
391216,1,2025-02-01
391217,7,2025-02-01
391218,12,2025-02-01
391219,20,2025-02-01
391220,4,2025-02-01
391221,5,2025-02-01
391227,5,2025-02-01
391228,4,2025-02-01
391229,8,2025-02-01
391230,12,2025-02-01
391231,13,2025-02-01
391232,5,2025-02-01
391233,10,2025-02-01
391234,7,2025-02-01
391235,3,2025-02-01
391236,1,2025-02-01
391237,10,2025-02-01
391238,7,2025-02-01
391239,34,2025-02-01
391240,30,2025-02-01
391241,8,2025-02-01
391242,21,2025-02-01
391243,30,2025-02-01
391244,9,2025-02-01
391245,22,2025-02-01
391246,30,2025-02-01
391247,14,2025-02-01
391248,40,2025-02-01
391249,59,2025-02-01
391250,16,2025-02-01
391251,1,2025-02-01
391252,36,2025-02-01
391253,96,2025-02-01
391254,151,2025-02-01
391255,80,2025-02-01
391256,47,2025-02-01
391257,16,2025-02-01
391258,45,2025-02-01
391259,61,2025-02-01
391260,27,2025-02-01
391261,38,2025-02-01
391262,37,2025-02-01
391263,17,2025-02-01
391264,22,2025-02-01
391265,39,2025-02-01
391266,20,2025-02-01
391267,15,2025-02-01
391268,8,2025-02-01
391269,4,2025-02-01
391270,7,2025-02-01
391271,8,2025-02-01
391272,12,2025-02-01
391273,1,2025-02-01
391274,4,2025-02-01
391275,17,2025-02-01
391276,25,2025-02-01
391277,9,2025-02-01
391278,5,2025-02-01
391279,3,2025-02-01
391280,10,2025-02-01
391281,6,2025-02-01
391282,3,2025-02-01
391283,7,2025-02-01
391285,1,2025-02-01
392175,1,2025-02-01
392176,3,2025-02-01
392178,3,2025-02-01
392179,4,2025-02-01
392181,3,2025-02-01
392182,6,2025-02-01
392183,3,2025-02-01
392184,3,2025-02-01
392185,4,2025-02-01
392186,1,2025-02-01
392187,6,2025-02-01
392188,9,2025-02-01
392189,3,2025-02-01
392193,1,2025-02-01
392196,5,2025-02-01
392197,8,2025-02-01
392198,7,2025-02-01
392199,17,2025-02-01
392200,23,2025-02-01
392201,10,2025-02-01
392202,10,2025-02-01
392203,6,2025-02-01
392204,3,2025-02-01
392205,4,2025-02-01
392206,12,2025-02-01
392207,11,2025-02-01
392208,5,2025-02-01
392209,41,2025-02-01
392210,53,2025-02-01
392211,17,2025-02-01
392212,16,2025-02-01
392213,18,2025-02-01
392214,22,2025-02-01
392215,20,2025-02-01
392216,36,2025-02-01
392217,33,2025-02-01
392218,31,2025-02-01
392219,4,2025-02-01
392220,33,2025-02-01
392221,160,2025-02-01
392222,125,2025-02-01
392223,80,2025-02-01
392224,19,2025-02-01
392225,24,2025-02-01
392226,22,2025-02-01
392227,25,2025-02-01
392228,11,2025-02-01
392229,26,2025-02-01
392230,17,2025-02-01
392231,21,2025-02-01
392232,20,2025-02-01
392233,67,2025-02-01
392234,17,2025-02-01
392235,25,2025-02-01
392236,15,2025-02-01
392237,10,2025-02-01
392238,14,2025-02-01
392239,7,2025-02-01
392240,7,2025-02-01
392241,10,2025-02-01
392242,2,2025-02-01
392243,6,2025-02-01
392244,11,2025-02-01
392245,11,2025-02-01
392246,7,2025-02-01
392247,10,2025-02-01
392248,23,2025-02-01
392249,7,2025-02-01
392250,7,2025-02-01
392251,7,2025-02-01
392258,3,2025-02-01
393142,1,2025-02-01
393144,1,2025-02-01
393145,2,2025-02-01
393146,3,2025-02-01
393147,3,2025-02-01
393148,4,2025-02-01
393150,3,2025-02-01
393151,3,2025-02-01
393152,7,2025-02-01
393153,3,2025-02-01
393154,15,2025-02-01
393155,5,2025-02-01
393156,4,2025-02-01
393157,10,2025-02-01
393158,6,2025-02-01
393160,2,2025-02-01
393161,1,2025-02-01
393162,3,2025-02-01
393163,5,2025-02-01
393164,7,2025-02-01
393165,11,2025-02-01
393166,9,2025-02-01
393167,21,2025-02-01
393168,12,2025-02-01
393169,5,2025-02-01
393170,16,2025-02-01
393171,17,2025-02-01
393172,34,2025-02-01
393173,24,2025-02-01
393174,11,2025-02-01
393175,13,2025-02-01
393176,21,2025-02-01
393177,27,2025-02-01
393178,32,2025-02-01
393179,36,2025-02-01
393180,11,2025-02-01
393181,27,2025-02-01
393182,37,2025-02-01
393183,28,2025-02-01
393184,8,2025-02-01
393185,7,2025-02-01
393186,8,2025-02-01
393187,2,2025-02-01
393188,39,2025-02-01
393189,123,2025-02-01
393190,133,2025-02-01
393191,21,2025-02-01
393192,30,2025-02-01
393193,23,2025-02-01
393194,19,2025-02-01
393195,19,2025-02-01
393196,21,2025-02-01
393197,51,2025-02-01
393198,25,2025-02-01
393199,42,2025-02-01
393200,40,2025-02-01
393201,33,2025-02-01
393202,38,2025-02-01
393203,21,2025-02-01
393204,44,2025-02-01
393205,12,2025-02-01
393206,5,2025-02-01
393207,2,2025-02-01
393208,5,2025-02-01
393209,4,2025-02-01
393210,12,2025-02-01
393211,12,2025-02-01
393212,22,2025-02-01
393213,2,2025-02-01
393214,11,2025-02-01
393215,4,2025-02-01
393217,4,2025-02-01
393218,2,2025-02-01
393219,1,2025-02-01
393220,5,2025-02-01
394112,1,2025-02-01
394113,1,2025-02-01
394114,1,2025-02-01
394115,3,2025-02-01
394116,3,2025-02-01
394117,4,2025-02-01
394118,2,2025-02-01
394119,2,2025-02-01
394120,3,2025-02-01
394122,3,2025-02-01
394123,3,2025-02-01
394124,6,2025-02-01
394125,4,2025-02-01
394126,7,2025-02-01
394127,1,2025-02-01
394128,1,2025-02-01
394129,9,2025-02-01
394130,9,2025-02-01
394131,7,2025-02-01
394132,14,2025-02-01
394133,12,2025-02-01
394134,36,2025-02-01
394135,19,2025-02-01
394136,8,2025-02-01
394137,2,2025-02-01
394138,13,2025-02-01
394139,13,2025-02-01
394140,16,2025-02-01
394141,15,2025-02-01
394142,9,2025-02-01
394143,16,2025-02-01
394144,15,2025-02-01
394145,39,2025-02-01
394146,32,2025-02-01
394147,23,2025-02-01
394148,25,2025-02-01
394149,46,2025-02-01
394150,18,2025-02-01
394151,13,2025-02-01
394152,26,2025-02-01
394153,15,2025-02-01
394154,25,2025-02-01
394155,25,2025-02-01
394156,4,2025-02-01
394157,57,2025-02-01
394158,55,2025-02-01
394159,27,2025-02-01
394160,15,2025-02-01
394161,85,2025-02-01
394162,19,2025-02-01
394163,16,2025-02-01
394164,20,2025-02-01
394165,40,2025-02-01
394166,40,2025-02-01
394167,47,2025-02-01
394168,44,2025-02-01
394169,32,2025-02-01
394170,33,2025-02-01
394171,34,2025-02-01
394172,14,2025-02-01
394173,11,2025-02-01
394174,20,2025-02-01
394175,13,2025-02-01
394176,10,2025-02-01
394177,7,2025-02-01
394178,12,2025-02-01
394179,9,2025-02-01
394180,16,2025-02-01
394181,4,2025-02-01
394182,4,2025-02-01
394183,5,2025-02-01
394184,1,2025-02-01
394185,9,2025-02-01
394186,8,2025-02-01
394187,2,2025-02-01
394188,2,2025-02-01
394189,4,2025-02-01
394191,5,2025-02-01
394195,1,2025-02-01
395078,5,2025-02-01
395079,6,2025-02-01
395080,1,2025-02-01
395081,1,2025-02-01
395083,6,2025-02-01
395084,6,2025-02-01
395085,8,2025-02-01
395086,10,2025-02-01
395087,14,2025-02-01
395088,4,2025-02-01
395090,2,2025-02-01
395091,4,2025-02-01
395092,20,2025-02-01
395093,13,2025-02-01
395094,21,2025-02-01
395095,6,2025-02-01
395096,11,2025-02-01
395097,16,2025-02-01
395098,25,2025-02-01
395099,27,2025-02-01
395100,16,2025-02-01
395101,8,2025-02-01
395102,6,2025-02-01
395103,4,2025-02-01
395104,3,2025-02-01
395105,6,2025-02-01
395106,1,2025-02-01
395107,12,2025-02-01
395108,9,2025-02-01
395109,5,2025-02-01
395110,6,2025-02-01
395111,10,2025-02-01
395112,18,2025-02-01
395113,23,2025-02-01
395114,81,2025-02-01
395115,35,2025-02-01
395116,26,2025-02-01
395117,15,2025-02-01
395118,27,2025-02-01
395119,10,2025-02-01
395120,27,2025-02-01
395121,19,2025-02-01
395122,47,2025-02-01
395123,35,2025-02-01
395124,20,2025-02-01
395125,9,2025-02-01
395126,34,2025-02-01
395127,44,2025-02-01
395128,37,2025-02-01
395129,15,2025-02-01
395130,30,2025-02-01
395131,5,2025-02-01
395132,20,2025-02-01
395133,13,2025-02-01
395134,30,2025-02-01
395135,22,2025-02-01
395136,22,2025-02-01
395137,59,2025-02-01
395138,35,2025-02-01
395139,15,2025-02-01
395140,10,2025-02-01
395141,7,2025-02-01
395142,15,2025-02-01
395143,36,2025-02-01
395144,22,2025-02-01
395145,8,2025-02-01
395146,12,2025-02-01
395147,12,2025-02-01
395148,15,2025-02-01
395149,29,2025-02-01
395150,16,2025-02-01
395151,4,2025-02-01
395152,6,2025-02-01
395153,4,2025-02-01
395154,5,2025-02-01
395155,1,2025-02-01
395157,2,2025-02-01
395158,1,2025-02-01
395159,7,2025-02-01
396046,1,2025-02-01
396047,1,2025-02-01
396050,3,2025-02-01
396051,4,2025-02-01
396052,2,2025-02-01
396053,6,2025-02-01
396054,10,2025-02-01
396055,8,2025-02-01
396056,5,2025-02-01
396057,2,2025-02-01
396059,5,2025-02-01
396060,3,2025-02-01
396061,7,2025-02-01
396062,12,2025-02-01
396063,11,2025-02-01
396064,27,2025-02-01
396065,30,2025-02-01
396066,24,2025-02-01
396067,10,2025-02-01
396068,16,2025-02-01
396069,11,2025-02-01
396070,7,2025-02-01
396071,8,2025-02-01
396072,3,2025-02-01
396073,10,2025-02-01
396074,3,2025-02-01
396075,5,2025-02-01
396076,16,2025-02-01
396077,21,2025-02-01
396078,28,2025-02-01
396080,11,2025-02-01
396081,28,2025-02-01
396082,26,2025-02-01
396083,31,2025-02-01
396084,23,2025-02-01
396085,20,2025-02-01
396086,17,2025-02-01
396087,17,2025-02-01
396088,30,2025-02-01
396089,31,2025-02-01
396090,30,2025-02-01
396091,77,2025-02-01
396092,23,2025-02-01
396093,33,2025-02-01
396094,16,2025-02-01
396095,61,2025-02-01
396096,33,2025-02-01
396097,26,2025-02-01
396098,33,2025-02-01
396099,57,2025-02-01
396100,24,2025-02-01
396101,24,2025-02-01
396102,15,2025-02-01
396103,34,2025-02-01
396104,29,2025-02-01
396105,29,2025-02-01
396107,14,2025-02-01
396108,10,2025-02-01
396109,16,2025-02-01
396110,19,2025-02-01
396111,30,2025-02-01
396112,10,2025-02-01
396113,12,2025-02-01
396114,11,2025-02-01
396115,7,2025-02-01
396116,22,2025-02-01
396117,25,2025-02-01
396118,14,2025-02-01
396119,14,2025-02-01
396120,14,2025-02-01
396121,5,2025-02-01
396122,8,2025-02-01
396123,2,2025-02-01
396124,9,2025-02-01
396125,3,2025-02-01
396126,4,2025-02-01
396127,2,2025-02-01
396129,1,2025-02-01
397014,3,2025-02-01
397017,1,2025-02-01
397020,4,2025-02-01
397021,1,2025-02-01
397022,2,2025-02-01
397023,5,2025-02-01
397024,6,2025-02-01
397025,4,2025-02-01
397026,3,2025-02-01
397027,5,2025-02-01
397028,9,2025-02-01
397029,18,2025-02-01
397030,51,2025-02-01
397031,39,2025-02-01
397032,33,2025-02-01
397033,22,2025-02-01
397034,13,2025-02-01
397035,6,2025-02-01
397036,17,2025-02-01
397037,10,2025-02-01
397038,3,2025-02-01
397039,3,2025-02-01
397040,4,2025-02-01
397041,5,2025-02-01
397042,10,2025-02-01
397043,15,2025-02-01
397044,15,2025-02-01
397045,10,2025-02-01
397046,4,2025-02-01
397047,10,2025-02-01
397048,22,2025-02-01
397049,14,2025-02-01
397050,14,2025-02-01
397051,23,2025-02-01
397052,14,2025-02-01
397053,13,2025-02-01
397054,24,2025-02-01
397055,24,2025-02-01
397056,44,2025-02-01
397057,73,2025-02-01
397058,27,2025-02-01
397059,90,2025-02-01
397060,24,2025-02-01
397061,23,2025-02-01
397062,17,2025-02-01
397063,33,2025-02-01
397064,62,2025-02-01
397065,61,2025-02-01
397066,26,2025-02-01
397067,27,2025-02-01
397068,15,2025-02-01
397069,15,2025-02-01
397070,15,2025-02-01
397071,15,2025-02-01
397072,33,2025-02-01
397073,25,2025-02-01
397074,26,2025-02-01
397075,16,2025-02-01
397076,15,2025-02-01
397077,24,2025-02-01
397078,9,2025-02-01
397079,21,2025-02-01
397080,24,2025-02-01
397081,14,2025-02-01
397082,20,2025-02-01
397083,4,2025-02-01
397084,10,2025-02-01
397085,16,2025-02-01
397086,7,2025-02-01
397087,3,2025-02-01
397088,18,2025-02-01
397089,7,2025-02-01
397090,1,2025-02-01
397091,4,2025-02-01
397092,4,2025-02-01
397093,11,2025-02-01
397094,6,2025-02-01
397095,4,2025-02-01
397096,2,2025-02-01
397097,2,2025-02-01
397985,1,2025-02-01
397986,1,2025-02-01
397987,1,2025-02-01
397988,5,2025-02-01
397989,2,2025-02-01
397991,2,2025-02-01
397992,6,2025-02-01
397993,7,2025-02-01
397994,7,2025-02-01
397995,11,2025-02-01
397996,26,2025-02-01
397997,26,2025-02-01
397998,29,2025-02-01
397999,40,2025-02-01
398000,18,2025-02-01
398001,25,2025-02-01
398002,15,2025-02-01
398003,19,2025-02-01
398004,19,2025-02-01
398005,11,2025-02-01
398006,10,2025-02-01
398007,4,2025-02-01
398008,2,2025-02-01
398009,5,2025-02-01
398010,6,2025-02-01
398011,11,2025-02-01
398012,16,2025-02-01
398013,12,2025-02-01
398014,3,2025-02-01
398015,2,2025-02-01
398016,5,2025-02-01
398017,1,2025-02-01
398018,8,2025-02-01
398019,18,2025-02-01
398020,28,2025-02-01
398021,33,2025-02-01
398022,14,2025-02-01
398023,59,2025-02-01
398024,56,2025-02-01
398025,64,2025-02-01
398026,49,2025-02-01
398027,65,2025-02-01
398028,23,2025-02-01
398029,18,2025-02-01
398030,24,2025-02-01
398031,17,2025-02-01
398032,50,2025-02-01
398033,70,2025-02-01
398034,41,2025-02-01
398035,31,2025-02-01
398036,17,2025-02-01
398037,14,2025-02-01
398038,21,2025-02-01
398039,21,2025-02-01
398040,5,2025-02-01
398041,12,2025-02-01
398042,8,2025-02-01
398043,28,2025-02-01
398044,25,2025-02-01
398045,15,2025-02-01
398046,9,2025-02-01
398047,8,2025-02-01
398048,4,2025-02-01
398049,6,2025-02-01
398050,11,2025-02-01
398051,3,2025-02-01
398052,11,2025-02-01
398053,7,2025-02-01
398054,10,2025-02-01
398055,3,2025-02-01
398056,19,2025-02-01
398057,13,2025-02-01
398058,8,2025-02-01
398059,8,2025-02-01
398060,19,2025-02-01
398061,2,2025-02-01
398062,16,2025-02-01
398063,8,2025-02-01
398064,1,2025-02-01
398955,2,2025-02-01
398956,1,2025-02-01
398957,2,2025-02-01
398958,3,2025-02-01
398960,6,2025-02-01
398961,3,2025-02-01
398962,7,2025-02-01
398963,8,2025-02-01
398964,5,2025-02-01
398965,9,2025-02-01
398966,20,2025-02-01
398967,27,2025-02-01
398968,20,2025-02-01
398969,14,2025-02-01
398970,5,2025-02-01
398971,5,2025-02-01
398972,7,2025-02-01
398973,3,2025-02-01
398974,5,2025-02-01
398975,1,2025-02-01
398976,7,2025-02-01
398977,25,2025-02-01
398978,8,2025-02-01
398979,2,2025-02-01
398980,14,2025-02-01
398981,2,2025-02-01
398983,4,2025-02-01
398984,10,2025-02-01
398985,2,2025-02-01
398986,7,2025-02-01
398987,14,2025-02-01
398988,26,2025-02-01
398989,34,2025-02-01
398990,28,2025-02-01
398991,11,2025-02-01
398992,63,2025-02-01
398993,28,2025-02-01
398994,63,2025-02-01
398995,52,2025-02-01
398996,7,2025-02-01
398997,36,2025-02-01
398998,25,2025-02-01
398999,15,2025-02-01
399000,77,2025-02-01
399001,51,2025-02-01
399002,33,2025-02-01
399003,56,2025-02-01
399004,16,2025-02-01
399005,24,2025-02-01
399006,26,2025-02-01
399007,19,2025-02-01
399008,11,2025-02-01
399009,7,2025-02-01
399010,8,2025-02-01
399011,27,2025-02-01
399012,21,2025-02-01
399013,26,2025-02-01
399014,21,2025-02-01
399015,11,2025-02-01
399016,12,2025-02-01
399017,9,2025-02-01
399018,14,2025-02-01
399019,6,2025-02-01
399020,10,2025-02-01
399021,9,2025-02-01
399022,8,2025-02-01
399023,2,2025-02-01
399024,7,2025-02-01
399025,9,2025-02-01
399026,8,2025-02-01
399027,7,2025-02-01
399028,18,2025-02-01
399029,13,2025-02-01
399030,14,2025-02-01
399031,7,2025-02-01
399032,3,2025-02-01
399921,2,2025-02-01
399922,3,2025-02-01
399926,6,2025-02-01
399927,4,2025-02-01
399930,2,2025-02-01
399931,2,2025-02-01
399932,7,2025-02-01
399933,5,2025-02-01
399934,5,2025-02-01
399935,12,2025-02-01
399936,19,2025-02-01
399937,15,2025-02-01
399938,6,2025-02-01
399939,3,2025-02-01
399940,10,2025-02-01
399941,6,2025-02-01
399942,5,2025-02-01
399943,7,2025-02-01
399944,17,2025-02-01
399945,21,2025-02-01
399946,20,2025-02-01
399947,2,2025-02-01
399948,4,2025-02-01
399950,1,2025-02-01
399951,7,2025-02-01
399952,5,2025-02-01
399953,17,2025-02-01
399954,20,2025-02-01
399955,14,2025-02-01
399956,11,2025-02-01
399957,26,2025-02-01
399958,29,2025-02-01
399959,3,2025-02-01
399960,32,2025-02-01
399961,37,2025-02-01
399962,40,2025-02-01
399963,28,2025-02-01
399964,2,2025-02-01
399965,39,2025-02-01
399966,55,2025-02-01
399967,89,2025-02-01
399968,63,2025-02-01
399969,43,2025-02-01
399970,32,2025-02-01
399971,63,2025-02-01
399972,32,2025-02-01
399973,69,2025-02-01
399974,40,2025-02-01
399975,21,2025-02-01
399976,19,2025-02-01
399977,27,2025-02-01
399978,22,2025-02-01
399979,28,2025-02-01
399980,14,2025-02-01
399981,41,2025-02-01
399982,14,2025-02-01
399983,16,2025-02-01
399984,16,2025-02-01
399985,22,2025-02-01
399986,28,2025-02-01
399987,16,2025-02-01
399988,7,2025-02-01
399989,4,2025-02-01
399990,11,2025-02-01
399991,21,2025-02-01
399992,17,2025-02-01
399993,11,2025-02-01
399994,13,2025-02-01
399995,3,2025-02-01
399996,16,2025-02-01
399997,4,2025-02-01
399998,8,2025-02-01
399999,9,2025-02-01
400000,2,2025-02-01
400003,1,2025-02-01
400892,2,2025-02-01
400893,5,2025-02-01
400894,1,2025-02-01
400895,2,2025-02-01
400899,6,2025-02-01
400903,8,2025-02-01
400904,17,2025-02-01
400905,5,2025-02-01
400906,13,2025-02-01
400907,11,2025-02-01
400908,28,2025-02-01
400909,13,2025-02-01
400910,3,2025-02-01
400911,17,2025-02-01
400912,7,2025-02-01
400914,9,2025-02-01
400915,10,2025-02-01
400916,6,2025-02-01
400918,2,2025-02-01
400919,4,2025-02-01
400920,11,2025-02-01
400921,11,2025-02-01
400922,22,2025-02-01
400923,26,2025-02-01
400924,33,2025-02-01
400925,40,2025-02-01
400926,25,2025-02-01
400927,18,2025-02-01
400928,17,2025-02-01
400929,34,2025-02-01
400930,29,2025-02-01
400931,19,2025-02-01
400932,35,2025-02-01
400933,42,2025-02-01
400934,67,2025-02-01
400935,42,2025-02-01
400936,57,2025-02-01
400937,37,2025-02-01
400938,22,2025-02-01
400939,20,2025-02-01
400940,21,2025-02-01
400941,20,2025-02-01
400942,22,2025-02-01
400943,36,2025-02-01
400944,20,2025-02-01
400945,18,2025-02-01
400946,11,2025-02-01
400947,15,2025-02-01
400948,6,2025-02-01
400949,14,2025-02-01
400950,17,2025-02-01
400951,21,2025-02-01
400952,23,2025-02-01
400953,12,2025-02-01
400954,42,2025-02-01
400955,23,2025-02-01
400956,36,2025-02-01
400957,27,2025-02-01
400958,13,2025-02-01
400959,12,2025-02-01
400960,10,2025-02-01
400961,4,2025-02-01
400962,17,2025-02-01
400963,7,2025-02-01
400964,11,2025-02-01
400966,10,2025-02-01
400967,10,2025-02-01
400968,7,2025-02-01
400969,1,2025-02-01
400971,3,2025-02-01
401859,10,2025-02-01
401860,2,2025-02-01
401861,1,2025-02-01
401863,3,2025-02-01
401864,4,2025-02-01
401865,4,2025-02-01
401866,4,2025-02-01
401867,1,2025-02-01
401869,2,2025-02-01
401870,2,2025-02-01
401871,2,2025-02-01
401872,2,2025-02-01
401873,6,2025-02-01
401874,4,2025-02-01
401875,13,2025-02-01
401876,9,2025-02-01
401877,3,2025-02-01
401878,7,2025-02-01
401879,19,2025-02-01
401880,6,2025-02-01
401881,5,2025-02-01
401882,1,2025-02-01
401883,8,2025-02-01
401884,1,2025-02-01
401885,8,2025-02-01
401886,12,2025-02-01
401887,13,2025-02-01
401888,7,2025-02-01
401889,6,2025-02-01
401890,7,2025-02-01
401891,33,2025-02-01
401892,23,2025-02-01
401893,46,2025-02-01
401894,18,2025-02-01
401895,6,2025-02-01
401896,25,2025-02-01
401897,30,2025-02-01
401898,19,2025-02-01
401899,23,2025-02-01
401900,8,2025-02-01
401901,36,2025-02-01
401902,51,2025-02-01
401903,47,2025-02-01
401904,44,2025-02-01
401905,46,2025-02-01
401906,43,2025-02-01
401907,43,2025-02-01
401908,30,2025-02-01
401909,49,2025-02-01
401910,31,2025-02-01
401911,35,2025-02-01
401912,21,2025-02-01
401913,36,2025-02-01
401914,3,2025-02-01
401915,5,2025-02-01
401916,5,2025-02-01
401917,5,2025-02-01
401918,24,2025-02-01
401919,7,2025-02-01
401920,9,2025-02-01
401921,32,2025-02-01
401922,28,2025-02-01
401923,25,2025-02-01
401924,19,2025-02-01
401925,21,2025-02-01
401926,25,2025-02-01
401927,26,2025-02-01
401928,13,2025-02-01
401929,7,2025-02-01
401930,10,2025-02-01
401931,4,2025-02-01
401932,16,2025-02-01
401933,2,2025-02-01
401934,14,2025-02-01
401935,15,2025-02-01
401936,9,2025-02-01
401937,1,2025-02-01
401938,7,2025-02-01
402826,1,2025-02-01
402827,3,2025-02-01
402831,3,2025-02-01
402832,7,2025-02-01
402834,4,2025-02-01
402835,1,2025-02-01
402839,4,2025-02-01
402840,2,2025-02-01
402841,5,2025-02-01
402842,5,2025-02-01
402844,5,2025-02-01
402845,5,2025-02-01
402846,5,2025-02-01
402847,6,2025-02-01
402848,21,2025-02-01
402849,5,2025-02-01
402850,12,2025-02-01
402851,12,2025-02-01
402852,5,2025-02-01
402853,19,2025-02-01
402854,8,2025-02-01
402855,4,2025-02-01
402856,10,2025-02-01
402857,6,2025-02-01
402858,5,2025-02-01
402859,18,2025-02-01
402860,16,2025-02-01
402861,20,2025-02-01
402862,25,2025-02-01
402863,15,2025-02-01
402864,9,2025-02-01
402865,14,2025-02-01
402866,11,2025-02-01
402867,23,2025-02-01
402868,20,2025-02-01
402869,35,2025-02-01
402870,47,2025-02-01
402871,42,2025-02-01
402872,54,2025-02-01
402873,36,2025-02-01
402874,22,2025-02-01
402875,26,2025-02-01
402876,32,2025-02-01
402877,40,2025-02-01
402878,46,2025-02-01
402879,37,2025-02-01
402880,13,2025-02-01
402881,33,2025-02-01
402882,9,2025-02-01
402890,3,2025-02-01
402892,12,2025-02-01
402893,14,2025-02-01
402894,18,2025-02-01
402895,14,2025-02-01
402896,10,2025-02-01
402897,9,2025-02-01
402898,20,2025-02-01
402899,30,2025-02-01
402900,10,2025-02-01
402901,8,2025-02-01
402902,20,2025-02-01
402903,10,2025-02-01
402904,4,2025-02-01
402905,12,2025-02-01
402906,7,2025-02-01
402907,7,2025-02-01
403798,2,2025-02-01
403799,3,2025-02-01
403800,6,2025-02-01
403801,6,2025-02-01
403803,1,2025-02-01
403804,1,2025-02-01
403805,3,2025-02-01
403806,6,2025-02-01
403807,1,2025-02-01
403808,1,2025-02-01
403809,4,2025-02-01
403810,3,2025-02-01
403811,1,2025-02-01
403812,3,2025-02-01
403813,2,2025-02-01
403814,5,2025-02-01
403815,12,2025-02-01
403816,18,2025-02-01
403817,4,2025-02-01
403818,15,2025-02-01
403819,8,2025-02-01
403820,13,2025-02-01
403821,13,2025-02-01
403822,16,2025-02-01
403823,8,2025-02-01
403825,6,2025-02-01
403826,5,2025-02-01
403827,8,2025-02-01
403828,13,2025-02-01
403829,30,2025-02-01
403830,19,2025-02-01
403831,8,2025-02-01
403832,10,2025-02-01
403833,13,2025-02-01
403834,19,2025-02-01
403835,8,2025-02-01
403836,10,2025-02-01
403837,22,2025-02-01
403838,29,2025-02-01
403839,34,2025-02-01
403840,26,2025-02-01
403841,32,2025-02-01
403842,11,2025-02-01
403843,23,2025-02-01
403844,28,2025-02-01
403845,30,2025-02-01
403846,16,2025-02-01
403847,23,2025-02-01
403848,11,2025-02-01
403849,6,2025-02-01
403852,1,2025-02-01
403854,30,2025-02-01
403855,6,2025-02-01
403856,7,2025-02-01
403857,1,2025-02-01
403859,9,2025-02-01
403860,3,2025-02-01
403862,1,2025-02-01
403863,9,2025-02-01
403864,11,2025-02-01
403865,6,2025-02-01
403866,13,2025-02-01
403867,19,2025-02-01
403868,9,2025-02-01
403869,10,2025-02-01
403870,7,2025-02-01
403871,10,2025-02-01
403872,14,2025-02-01
403873,4,2025-02-01
403874,4,2025-02-01
403875,7,2025-02-01
404768,6,2025-02-01
404769,4,2025-02-01
404771,1,2025-02-01
404773,1,2025-02-01
404774,3,2025-02-01
404775,8,2025-02-01
404776,3,2025-02-01
404777,2,2025-02-01
404778,2,2025-02-01
404779,3,2025-02-01
404780,6,2025-02-01
404781,2,2025-02-01
404782,5,2025-02-01
404783,13,2025-02-01
404784,2,2025-02-01
404785,1,2025-02-01
404786,12,2025-02-01
404787,8,2025-02-01
404788,12,2025-02-01
404789,9,2025-02-01
404790,12,2025-02-01
404791,13,2025-02-01
404792,3,2025-02-01
404793,10,2025-02-01
404794,8,2025-02-01
404795,8,2025-02-01
404796,11,2025-02-01
404797,11,2025-02-01
404798,11,2025-02-01
404799,11,2025-02-01
404800,14,2025-02-01
404801,26,2025-02-01
404802,24,2025-02-01
404803,5,2025-02-01
404804,12,2025-02-01
404805,24,2025-02-01
404806,28,2025-02-01
404807,29,2025-02-01
404808,22,2025-02-01
404809,18,2025-02-01
404810,20,2025-02-01
404812,5,2025-02-01
404813,23,2025-02-01
404814,20,2025-02-01
404815,15,2025-02-01
404818,7,2025-02-01
404820,8,2025-02-01
404821,8,2025-02-01
404822,18,2025-02-01
404823,15,2025-02-01
404824,11,2025-02-01
404825,6,2025-02-01
404828,1,2025-02-01
404833,1,2025-02-01
404834,16,2025-02-01
404835,20,2025-02-01
404836,7,2025-02-01
404837,12,2025-02-01
404838,18,2025-02-01
404839,13,2025-02-01
404840,3,2025-02-01
404841,8,2025-02-01
404842,4,2025-02-01
404843,7,2025-02-01
404845,1,2025-02-01
405736,1,2025-02-01
405737,3,2025-02-01
405738,4,2025-02-01
405741,1,2025-02-01
405742,3,2025-02-01
405743,6,2025-02-01
405746,1,2025-02-01
405747,9,2025-02-01
405748,4,2025-02-01
405749,3,2025-02-01
405750,11,2025-02-01
405752,2,2025-02-01
405753,5,2025-02-01
405754,4,2025-02-01
405755,12,2025-02-01
405756,9,2025-02-01
405757,12,2025-02-01
405758,10,2025-02-01
405760,19,2025-02-01
405761,11,2025-02-01
405762,14,2025-02-01
405763,19,2025-02-01
405764,24,2025-02-01
405765,35,2025-02-01
405766,9,2025-02-01
405767,24,2025-02-01
405768,15,2025-02-01
405769,12,2025-02-01
405770,6,2025-02-01
405771,4,2025-02-01
405772,6,2025-02-01
405773,29,2025-02-01
405774,48,2025-02-01
405775,22,2025-02-01
405776,36,2025-02-01
405777,25,2025-02-01
405778,27,2025-02-01
405779,15,2025-02-01
405780,6,2025-02-01
405781,17,2025-02-01
405782,12,2025-02-01
405785,7,2025-02-01
405786,32,2025-02-01
405787,12,2025-02-01
405788,17,2025-02-01
405789,47,2025-02-01
405790,10,2025-02-01
405791,6,2025-02-01
405792,3,2025-02-01
405793,7,2025-02-01
405795,11,2025-02-01
405796,11,2025-02-01
405797,8,2025-02-01
405804,9,2025-02-01
405805,3,2025-02-01
405808,13,2025-02-01
405809,9,2025-02-01
405810,5,2025-02-01
406705,1,2025-02-01
406706,4,2025-02-01
406707,1,2025-02-01
406708,2,2025-02-01
406709,1,2025-02-01
406710,3,2025-02-01
406711,4,2025-02-01
406714,8,2025-02-01
406715,2,2025-02-01
406716,1,2025-02-01
406717,3,2025-02-01
406718,22,2025-02-01
406719,11,2025-02-01
406720,7,2025-02-01
406721,3,2025-02-01
406722,14,2025-02-01
406723,2,2025-02-01
406724,9,2025-02-01
406725,5,2025-02-01
406726,23,2025-02-01
406727,2,2025-02-01
406728,8,2025-02-01
406729,12,2025-02-01
406730,2,2025-02-01
406731,14,2025-02-01
406732,19,2025-02-01
406733,36,2025-02-01
406734,44,2025-02-01
406735,11,2025-02-01
406737,10,2025-02-01
406738,8,2025-02-01
406739,24,2025-02-01
406740,9,2025-02-01
406741,22,2025-02-01
406742,36,2025-02-01
406743,30,2025-02-01
406744,14,2025-02-01
406745,22,2025-02-01
406746,18,2025-02-01
406747,52,2025-02-01
406748,38,2025-02-01
406749,10,2025-02-01
406750,2,2025-02-01
406753,8,2025-02-01
406754,21,2025-02-01
406755,10,2025-02-01
406756,5,2025-02-01
406757,40,2025-02-01
406758,29,2025-02-01
406759,31,2025-02-01
406760,15,2025-02-01
406761,5,2025-02-01
406762,5,2025-02-01
406763,6,2025-02-01
406764,7,2025-02-01
406765,16,2025-02-01
406766,7,2025-02-01
406767,6,2025-02-01
406768,5,2025-02-01
406774,3,2025-02-01
406776,15,2025-02-01
406777,12,2025-02-01
406778,2,2025-02-01
407673,1,2025-02-01
407674,5,2025-02-01
407677,4,2025-02-01
407678,2,2025-02-01
407679,2,2025-02-01
407680,10,2025-02-01
407681,6,2025-02-01
407682,3,2025-02-01
407684,1,2025-02-01
407685,2,2025-02-01
407686,5,2025-02-01
407687,12,2025-02-01
407688,11,2025-02-01
407689,9,2025-02-01
407690,6,2025-02-01
407691,4,2025-02-01
407692,13,2025-02-01
407693,18,2025-02-01
407694,22,2025-02-01
407695,41,2025-02-01
407696,11,2025-02-01
407697,23,2025-02-01
407698,7,2025-02-01
407699,8,2025-02-01
407700,10,2025-02-01
407701,27,2025-02-01
407702,26,2025-02-01
407703,9,2025-02-01
407704,14,2025-02-01
407705,5,2025-02-01
407706,67,2025-02-01
407707,38,2025-02-01
407708,29,2025-02-01
407709,19,2025-02-01
407710,52,2025-02-01
407711,36,2025-02-01
407712,27,2025-02-01
407713,47,2025-02-01
407714,5,2025-02-01
407715,2,2025-02-01
407717,9,2025-02-01
407718,6,2025-02-01
407719,8,2025-02-01
407720,19,2025-02-01
407721,14,2025-02-01
407722,13,2025-02-01
407723,24,2025-02-01
407724,20,2025-02-01
407725,21,2025-02-01
407726,19,2025-02-01
407727,17,2025-02-01
407728,8,2025-02-01
407729,17,2025-02-01
407730,15,2025-02-01
407731,11,2025-02-01
407732,10,2025-02-01
407733,4,2025-02-01
407734,6,2025-02-01
407735,4,2025-02-01
407736,3,2025-02-01
407737,12,2025-02-01
407738,2,2025-02-01
407739,1,2025-02-01
407743,2,2025-02-01
407744,3,2025-02-01
407745,1,2025-02-01
407746,1,2025-02-01
407748,1,2025-02-01
408639,3,2025-02-01
408640,9,2025-02-01
408641,4,2025-02-01
408642,6,2025-02-01
408643,2,2025-02-01
408645,2,2025-02-01
408646,4,2025-02-01
408647,16,2025-02-01
408648,5,2025-02-01
408649,2,2025-02-01
408651,1,2025-02-01
408652,3,2025-02-01
408653,11,2025-02-01
408654,4,2025-02-01
408655,10,2025-02-01
408658,14,2025-02-01
408659,13,2025-02-01
408660,14,2025-02-01
408661,5,2025-02-01
408662,23,2025-02-01
408663,20,2025-02-01
408664,18,2025-02-01
408665,14,2025-02-01
408666,25,2025-02-01
408667,39,2025-02-01
408668,37,2025-02-01
408669,6,2025-02-01
408670,22,2025-02-01
408671,23,2025-02-01
408672,12,2025-02-01
408673,2,2025-02-01
408674,39,2025-02-01
408675,29,2025-02-01
408676,4,2025-02-01
408677,24,2025-02-01
408678,23,2025-02-01
408679,14,2025-02-01
408680,36,2025-02-01
408681,19,2025-02-01
408682,28,2025-02-01
408683,11,2025-02-01
408684,28,2025-02-01
408685,43,2025-02-01
408686,17,2025-02-01
408687,30,2025-02-01
408688,34,2025-02-01
408689,24,2025-02-01
408690,21,2025-02-01
408691,20,2025-02-01
408692,19,2025-02-01
408693,8,2025-02-01
408694,23,2025-02-01
408695,25,2025-02-01
408696,15,2025-02-01
408697,6,2025-02-01
408698,6,2025-02-01
408699,15,2025-02-01
408700,13,2025-02-01
408701,8,2025-02-01
408702,3,2025-02-01
408703,4,2025-02-01
408704,8,2025-02-01
408705,3,2025-02-01
408706,1,2025-02-01
408721,1,2025-02-01
409606,3,2025-02-01
409607,9,2025-02-01
409608,2,2025-02-01
409609,4,2025-02-01
409610,3,2025-02-01
409611,1,2025-02-01
409614,1,2025-02-01
409615,3,2025-02-01
409616,4,2025-02-01
409618,1,2025-02-01
409619,1,2025-02-01
409620,1,2025-02-01
409621,5,2025-02-01
409622,6,2025-02-01
409624,4,2025-02-01
409626,16,2025-02-01
409627,2,2025-02-01
409628,1,2025-02-01
409629,4,2025-02-01
409630,6,2025-02-01
409631,22,2025-02-01
409632,31,2025-02-01
409633,11,2025-02-01
409634,18,2025-02-01
409635,3,2025-02-01
409636,9,2025-02-01
409637,8,2025-02-01
409638,2,2025-02-01
409639,7,2025-02-01
409640,4,2025-02-01
409641,8,2025-02-01
409642,3,2025-02-01
409643,12,2025-02-01
409644,12,2025-02-01
409645,12,2025-02-01
409646,24,2025-02-01
409650,4,2025-02-01
409651,43,2025-02-01
409652,40,2025-02-01
409653,25,2025-02-01
409654,21,2025-02-01
409655,16,2025-02-01
409656,15,2025-02-01
409657,6,2025-02-01
409658,14,2025-02-01
409659,9,2025-02-01
409660,5,2025-02-01
409661,16,2025-02-01
409662,10,2025-02-01
409663,17,2025-02-01
409664,2,2025-02-01
409665,7,2025-02-01
409666,7,2025-02-01
409667,7,2025-02-01
409668,3,2025-02-01
409669,10,2025-02-01
409670,3,2025-02-01
409671,4,2025-02-01
409672,14,2025-02-01
409673,1,2025-02-01
410574,2,2025-02-01
410575,2,2025-02-01
410577,2,2025-02-01
410581,4,2025-02-01
410582,5,2025-02-01
410583,3,2025-02-01
410584,2,2025-02-01
410585,2,2025-02-01
410586,10,2025-02-01
410587,4,2025-02-01
410588,2,2025-02-01
410589,7,2025-02-01
410590,7,2025-02-01
410591,5,2025-02-01
410592,7,2025-02-01
410593,7,2025-02-01
410594,7,2025-02-01
410595,4,2025-02-01
410596,5,2025-02-01
410597,2,2025-02-01
410598,12,2025-02-01
410599,12,2025-02-01
410600,21,2025-02-01
410601,13,2025-02-01
410602,26,2025-02-01
410603,8,2025-02-01
410604,4,2025-02-01
410607,16,2025-02-01
410608,21,2025-02-01
410609,8,2025-02-01
410610,1,2025-02-01
410611,8,2025-02-01
410613,6,2025-02-01
410614,6,2025-02-01
410615,9,2025-02-01
410616,10,2025-02-01
410617,7,2025-02-01
410618,6,2025-02-01
410619,9,2025-02-01
410620,41,2025-02-01
410621,42,2025-02-01
410622,27,2025-02-01
410623,21,2025-02-01
410624,40,2025-02-01
410625,13,2025-02-01
410626,8,2025-02-01
410627,13,2025-02-01
410628,4,2025-02-01
410629,1,2025-02-01
410630,7,2025-02-01
410631,4,2025-02-01
410632,3,2025-02-01
410633,1,2025-02-01
410634,2,2025-02-01
410635,2,2025-02-01
410636,4,2025-02-01
410637,5,2025-02-01
410638,5,2025-02-01
410639,4,2025-02-01
410640,4,2025-02-01
410641,3,2025-02-01
411542,1,2025-02-01
411549,3,2025-02-01
411550,5,2025-02-01
411551,2,2025-02-01
411552,1,2025-02-01
411553,1,2025-02-01
411554,2,2025-02-01
411555,4,2025-02-01
411556,3,2025-02-01
411557,2,2025-02-01
411558,2,2025-02-01
411559,4,2025-02-01
411560,3,2025-02-01
411561,5,2025-02-01
411562,4,2025-02-01
411563,6,2025-02-01
411564,10,2025-02-01
411565,2,2025-02-01
411566,2,2025-02-01
411567,5,2025-02-01
411568,3,2025-02-01
411569,9,2025-02-01
411570,7,2025-02-01
411571,22,2025-02-01
411572,3,2025-02-01
411574,7,2025-02-01
411575,11,2025-02-01
411576,10,2025-02-01
411577,9,2025-02-01
411578,36,2025-02-01
411579,7,2025-02-01
411581,14,2025-02-01
411582,51,2025-02-01
411583,36,2025-02-01
411584,10,2025-02-01
411585,3,2025-02-01
411586,21,2025-02-01
411587,25,2025-02-01
411588,19,2025-02-01
411589,29,2025-02-01
411590,10,2025-02-01
411591,11,2025-02-01
411592,17,2025-02-01
411593,6,2025-02-01
411594,54,2025-02-01
411595,10,2025-02-01
411596,2,2025-02-01
411598,1,2025-02-01
411599,3,2025-02-01
411600,3,2025-02-01
411601,13,2025-02-01
411602,1,2025-02-01
411603,1,2025-02-01
411604,2,2025-02-01
411605,1,2025-02-01
411607,3,2025-02-01
411608,2,2025-02-01
411609,3,2025-02-01
412517,3,2025-02-01
412519,5,2025-02-01
412521,2,2025-02-01
412522,2,2025-02-01
412523,4,2025-02-01
412524,5,2025-02-01
412525,5,2025-02-01
412526,19,2025-02-01
412527,23,2025-02-01
412528,4,2025-02-01
412529,11,2025-02-01
412530,6,2025-02-01
412531,6,2025-02-01
412532,12,2025-02-01
412533,3,2025-02-01
412534,10,2025-02-01
412535,11,2025-02-01
412536,3,2025-02-01
412537,8,2025-02-01
412538,7,2025-02-01
412539,4,2025-02-01
412540,7,2025-02-01
412541,3,2025-02-01
412542,5,2025-02-01
412543,7,2025-02-01
412544,6,2025-02-01
412545,48,2025-02-01
412546,17,2025-02-01
412548,4,2025-02-01
412549,20,2025-02-01
412550,12,2025-02-01
412551,25,2025-02-01
412552,23,2025-02-01
412553,8,2025-02-01
412554,22,2025-02-01
412555,7,2025-02-01
412556,2,2025-02-01
412557,16,2025-02-01
412558,9,2025-02-01
412559,13,2025-02-01
412560,5,2025-02-01
412561,3,2025-02-01
412562,2,2025-02-01
412563,8,2025-02-01
412564,10,2025-02-01
412565,7,2025-02-01
412566,1,2025-02-01
412567,6,2025-02-01
412568,42,2025-02-01
412569,14,2025-02-01
412570,1,2025-02-01
412571,10,2025-02-01
412572,3,2025-02-01
412573,5,2025-02-01
412574,4,2025-02-01
412575,1,2025-02-01
413485,1,2025-02-01
413486,2,2025-02-01
413487,2,2025-02-01
413490,5,2025-02-01
413491,2,2025-02-01
413492,7,2025-02-01
413493,15,2025-02-01
413494,13,2025-02-01
413495,10,2025-02-01
413496,5,2025-02-01
413497,5,2025-02-01
413498,4,2025-02-01
413499,7,2025-02-01
413500,5,2025-02-01
413501,7,2025-02-01
413502,2,2025-02-01
413503,5,2025-02-01
413504,1,2025-02-01
413505,10,2025-02-01
413506,9,2025-02-01
413507,4,2025-02-01
413508,4,2025-02-01
413509,5,2025-02-01
413510,11,2025-02-01
413511,6,2025-02-01
413512,19,2025-02-01
413513,1,2025-02-01
413515,26,2025-02-01
413516,13,2025-02-01
413517,10,2025-02-01
413518,7,2025-02-01
413519,6,2025-02-01
413520,10,2025-02-01
413521,15,2025-02-01
413522,14,2025-02-01
413523,10,2025-02-01
413524,17,2025-02-01
413525,25,2025-02-01
413526,22,2025-02-01
413527,8,2025-02-01
413529,8,2025-02-01
413531,5,2025-02-01
413532,50,2025-02-01
413533,10,2025-02-01
413534,6,2025-02-01
413535,35,2025-02-01
413536,6,2025-02-01
413537,4,2025-02-01
413538,3,2025-02-01
413539,6,2025-02-01
413541,4,2025-02-01
413542,2,2025-02-01
413543,1,2025-02-01
414440,5,2025-02-01
414441,4,2025-02-01
414443,2,2025-02-01
414446,1,2025-02-01
414452,1,2025-02-01
414454,1,2025-02-01
414459,1,2025-02-01
414460,10,2025-02-01
414461,3,2025-02-01
414462,6,2025-02-01
414463,8,2025-02-01
414464,2,2025-02-01
414465,1,2025-02-01
414466,5,2025-02-01
414467,2,2025-02-01
414468,9,2025-02-01
414471,1,2025-02-01
414472,9,2025-02-01
414473,4,2025-02-01
414474,41,2025-02-01
414475,6,2025-02-01
414476,5,2025-02-01
414477,10,2025-02-01
414478,7,2025-02-01
414479,7,2025-02-01
414480,6,2025-02-01
414481,4,2025-02-01
414482,3,2025-02-01
414483,13,2025-02-01
414485,6,2025-02-01
414486,15,2025-02-01
414487,9,2025-02-01
414488,13,2025-02-01
414489,20,2025-02-01
414490,11,2025-02-01
414491,49,2025-02-01
414492,40,2025-02-01
414493,10,2025-02-01
414494,4,2025-02-01
414495,7,2025-02-01
414497,11,2025-02-01
414499,5,2025-02-01
414500,3,2025-02-01
414501,5,2025-02-01
414502,1,2025-02-01
414503,6,2025-02-01
414504,11,2025-02-01
414505,3,2025-02-01
414506,4,2025-02-01
414507,26,2025-02-01
414508,2,2025-02-01
414509,1,2025-02-01
415408,6,2025-02-01
415409,3,2025-02-01
415410,3,2025-02-01
415416,1,2025-02-01
415419,1,2025-02-01
415420,1,2025-02-01
415422,1,2025-02-01
415426,1,2025-02-01
415427,9,2025-02-01
415428,1,2025-02-01
415429,2,2025-02-01
415430,2,2025-02-01
415431,1,2025-02-01
415432,1,2025-02-01
415435,4,2025-02-01
415436,5,2025-02-01
415438,3,2025-02-01
415439,1,2025-02-01
415440,2,2025-02-01
415441,16,2025-02-01
415442,11,2025-02-01
415443,9,2025-02-01
415444,1,2025-02-01
415445,6,2025-02-01
415446,6,2025-02-01
415447,13,2025-02-01
415448,5,2025-02-01
415451,17,2025-02-01
415453,4,2025-02-01
415454,4,2025-02-01
415455,8,2025-02-01
415456,3,2025-02-01
415457,9,2025-02-01
415458,48,2025-02-01
415459,25,2025-02-01
415460,26,2025-02-01
415461,16,2025-02-01
415462,21,2025-02-01
415463,4,2025-02-01
415465,7,2025-02-01
415468,4,2025-02-01
415469,1,2025-02-01
415470,1,2025-02-01
415471,6,2025-02-01
415472,3,2025-02-01
415473,3,2025-02-01
415474,9,2025-02-01
415475,1,2025-02-01
415476,3,2025-02-01
415477,2,2025-02-01
416376,3,2025-02-01
416377,3,2025-02-01
416378,3,2025-02-01
416388,2,2025-02-01
416389,2,2025-02-01
416391,1,2025-02-01
416392,1,2025-02-01
416393,8,2025-02-01
416394,6,2025-02-01
416395,2,2025-02-01
416396,4,2025-02-01
416397,3,2025-02-01
416398,3,2025-02-01
416399,1,2025-02-01
416400,4,2025-02-01
416401,1,2025-02-01
416403,7,2025-02-01
416404,4,2025-02-01
416405,21,2025-02-01
416406,2,2025-02-01
416407,1,2025-02-01
416408,2,2025-02-01
416409,3,2025-02-01
416410,3,2025-02-01
416411,15,2025-02-01
416412,5,2025-02-01
416413,14,2025-02-01
416414,5,2025-02-01
416415,1,2025-02-01
416416,3,2025-02-01
416417,5,2025-02-01
416418,2,2025-02-01
416420,6,2025-02-01
416421,1,2025-02-01
416422,6,2025-02-01
416423,5,2025-02-01
416424,5,2025-02-01
416425,12,2025-02-01
416426,26,2025-02-01
416427,22,2025-02-01
416428,8,2025-02-01
416429,11,2025-02-01
416430,13,2025-02-01
416431,10,2025-02-01
416434,1,2025-02-01
416436,7,2025-02-01
416437,5,2025-02-01
416438,6,2025-02-01
416439,6,2025-02-01
416440,1,2025-02-01
416442,3,2025-02-01
416443,5,2025-02-01
417349,1,2025-02-01
417358,1,2025-02-01
417359,4,2025-02-01
417361,2,2025-02-01
417362,4,2025-02-01
417363,4,2025-02-01
417364,8,2025-02-01
417365,2,2025-02-01
417366,5,2025-02-01
417367,5,2025-02-01
417368,5,2025-02-01
417369,4,2025-02-01
417370,7,2025-02-01
417371,11,2025-02-01
417372,4,2025-02-01
417373,9,2025-02-01
417374,8,2025-02-01
417375,1,2025-02-01
417376,27,2025-02-01
417377,10,2025-02-01
417378,5,2025-02-01
417379,8,2025-02-01
417380,2,2025-02-01
417381,6,2025-02-01
417382,7,2025-02-01
417384,9,2025-02-01
417385,9,2025-02-01
417386,1,2025-02-01
417387,2,2025-02-01
417389,1,2025-02-01
417390,10,2025-02-01
417392,9,2025-02-01
417393,20,2025-02-01
417394,24,2025-02-01
417395,63,2025-02-01
417396,10,2025-02-01
417397,1,2025-02-01
417398,20,2025-02-01
417399,28,2025-02-01
417401,3,2025-02-01
417402,5,2025-02-01
417403,3,2025-02-01
417404,11,2025-02-01
417405,5,2025-02-01
417406,1,2025-02-01
417407,3,2025-02-01
417408,5,2025-02-01
417409,2,2025-02-01
417410,1,2025-02-01
417411,4,2025-02-01
418319,9,2025-02-01
418325,5,2025-02-01
418326,1,2025-02-01
418328,2,2025-02-01
418329,2,2025-02-01
418330,2,2025-02-01
418331,3,2025-02-01
418332,2,2025-02-01
418333,2,2025-02-01
418334,4,2025-02-01
418335,7,2025-02-01
418336,2,2025-02-01
418337,1,2025-02-01
418338,2,2025-02-01
418339,2,2025-02-01
418340,4,2025-02-01
418341,1,2025-02-01
418344,17,2025-02-01
418345,6,2025-02-01
418346,8,2025-02-01
418347,2,2025-02-01
418348,3,2025-02-01
418349,4,2025-02-01
418350,3,2025-02-01
418351,6,2025-02-01
418352,3,2025-02-01
418353,8,2025-02-01
418354,2,2025-02-01
418355,11,2025-02-01
418357,3,2025-02-01
418358,10,2025-02-01
418359,1,2025-02-01
418360,12,2025-02-01
418361,13,2025-02-01
418362,26,2025-02-01
418363,13,2025-02-01
418364,3,2025-02-01
418365,13,2025-02-01
418366,4,2025-02-01
418367,15,2025-02-01
418368,8,2025-02-01
418369,7,2025-02-01
418370,10,2025-02-01
418371,5,2025-02-01
418372,36,2025-02-01
418373,4,2025-02-01
418374,2,2025-02-01
418375,9,2025-02-01
418376,2,2025-02-01
418377,4,2025-02-01
418379,2,2025-02-01
419281,1,2025-02-01
419293,3,2025-02-01
419294,1,2025-02-01
419295,3,2025-02-01
419296,2,2025-02-01
419298,4,2025-02-01
419300,2,2025-02-01
419302,2,2025-02-01
419305,7,2025-02-01
419306,5,2025-02-01
419307,2,2025-02-01
419308,3,2025-02-01
419309,13,2025-02-01
419310,3,2025-02-01
419311,5,2025-02-01
419312,7,2025-02-01
419313,1,2025-02-01
419314,6,2025-02-01
419315,3,2025-02-01
419316,6,2025-02-01
419317,7,2025-02-01
419318,9,2025-02-01
419319,23,2025-02-01
419320,16,2025-02-01
419321,32,2025-02-01
419322,22,2025-02-01
419323,4,2025-02-01
419325,10,2025-02-01
419326,6,2025-02-01
419327,6,2025-02-01
419329,1,2025-02-01
419330,5,2025-02-01
419331,6,2025-02-01
419332,5,2025-02-01
419333,14,2025-02-01
419334,4,2025-02-01
419335,12,2025-02-01
419336,57,2025-02-01
419337,29,2025-02-01
419338,3,2025-02-01
419340,20,2025-02-01
419341,10,2025-02-01
419342,4,2025-02-01
419343,24,2025-02-01
419344,3,2025-02-01
419345,4,2025-02-01
419346,1,2025-02-01
420260,3,2025-02-01
420262,5,2025-02-01
420263,1,2025-02-01
420265,1,2025-02-01
420266,4,2025-02-01
420267,3,2025-02-01
420268,2,2025-02-01
420271,3,2025-02-01
420272,3,2025-02-01
420273,11,2025-02-01
420274,4,2025-02-01
420275,3,2025-02-01
420276,2,2025-02-01
420277,3,2025-02-01
420278,1,2025-02-01
420280,1,2025-02-01
420286,2,2025-02-01
420287,11,2025-02-01
420288,11,2025-02-01
420289,21,2025-02-01
420290,13,2025-02-01
420291,2,2025-02-01
420292,5,2025-02-01
420293,19,2025-02-01
420295,3,2025-02-01
420297,10,2025-02-01
420298,18,2025-02-01
420299,26,2025-02-01
420300,28,2025-02-01
420301,18,2025-02-01
420302,29,2025-02-01
420303,5,2025-02-01
420304,15,2025-02-01
420305,10,2025-02-01
420306,3,2025-02-01
420307,3,2025-02-01
420308,7,2025-02-01
420309,3,2025-02-01
420310,15,2025-02-01
420311,16,2025-02-01
420312,6,2025-02-01
420313,2,2025-02-01
420315,1,2025-02-01
421222,1,2025-02-01
421223,1,2025-02-01
421230,1,2025-02-01
421231,4,2025-02-01
421232,5,2025-02-01
421233,3,2025-02-01
421234,3,2025-02-01
421235,6,2025-02-01
421236,1,2025-02-01
421238,1,2025-02-01
421239,2,2025-02-01
421240,2,2025-02-01
421241,1,2025-02-01
421244,1,2025-02-01
421245,2,2025-02-01
421246,1,2025-02-01
421248,1,2025-02-01
421249,3,2025-02-01
421250,1,2025-02-01
421251,1,2025-02-01
421255,13,2025-02-01
421256,18,2025-02-01
421257,11,2025-02-01
421258,6,2025-02-01
421259,2,2025-02-01
421263,6,2025-02-01
421266,6,2025-02-01
421267,11,2025-02-01
421268,30,2025-02-01
421269,6,2025-02-01
421270,8,2025-02-01
421271,8,2025-02-01
421272,8,2025-02-01
421273,27,2025-02-01
421274,4,2025-02-01
421275,14,2025-02-01
421276,22,2025-02-01
421277,10,2025-02-01
421278,18,2025-02-01
421279,4,2025-02-01
421280,7,2025-02-01
421281,2,2025-02-01
421282,10,2025-02-01
421283,1,2025-02-01
422186,1,2025-02-01
422191,1,2025-02-01
422195,2,2025-02-01
422196,1,2025-02-01
422197,3,2025-02-01
422198,9,2025-02-01
422199,1,2025-02-01
422200,5,2025-02-01
422201,1,2025-02-01
422202,1,2025-02-01
422203,2,2025-02-01
422204,2,2025-02-01
422208,2,2025-02-01
422211,2,2025-02-01
422212,3,2025-02-01
422214,4,2025-02-01
422215,2,2025-02-01
422216,3,2025-02-01
422217,1,2025-02-01
422218,1,2025-02-01
422219,2,2025-02-01
422220,2,2025-02-01
422221,6,2025-02-01
422222,10,2025-02-01
422223,3,2025-02-01
422224,14,2025-02-01
422225,11,2025-02-01
422226,3,2025-02-01
422227,4,2025-02-01
422228,6,2025-02-01
422233,3,2025-02-01
422234,7,2025-02-01
422235,12,2025-02-01
422236,5,2025-02-01
422237,17,2025-02-01
422238,3,2025-02-01
422239,10,2025-02-01
422240,11,2025-02-01
422241,12,2025-02-01
422242,7,2025-02-01
422243,12,2025-02-01
422244,10,2025-02-01
422245,2,2025-02-01
422250,8,2025-02-01
422251,2,2025-02-01
422252,6,2025-02-01
423162,2,2025-02-01
423163,1,2025-02-01
423164,7,2025-02-01
423165,6,2025-02-01
423166,1,2025-02-01
423167,6,2025-02-01
423168,2,2025-02-01
423169,1,2025-02-01
423170,1,2025-02-01
423171,3,2025-02-01
423172,5,2025-02-01
423173,5,2025-02-01
423174,3,2025-02-01
423178,1,2025-02-01
423179,4,2025-02-01
423180,1,2025-02-01
423181,1,2025-02-01
423182,2,2025-02-01
423183,3,2025-02-01
423184,4,2025-02-01
423185,5,2025-02-01
423186,6,2025-02-01
423187,1,2025-02-01
423188,8,2025-02-01
423189,5,2025-02-01
423190,3,2025-02-01
423191,3,2025-02-01
423192,13,2025-02-01
423193,3,2025-02-01
423194,2,2025-02-01
423196,2,2025-02-01
423201,9,2025-02-01
423202,12,2025-02-01
423203,16,2025-02-01
423204,6,2025-02-01
423205,1,2025-02-01
423206,13,2025-02-01
423207,4,2025-02-01
423208,14,2025-02-01
423209,16,2025-02-01
423210,25,2025-02-01
423211,9,2025-02-01
423212,7,2025-02-01
423213,5,2025-02-01
423214,1,2025-02-01
423217,4,2025-02-01
423218,1,2025-02-01
423219,5,2025-02-01
423220,3,2025-02-01
424130,2,2025-02-01
424131,4,2025-02-01
424132,10,2025-02-01
424133,1,2025-02-01
424134,3,2025-02-01
424135,4,2025-02-01
424136,17,2025-02-01
424137,1,2025-02-01
424138,1,2025-02-01
424139,4,2025-02-01
424140,2,2025-02-01
424141,9,2025-02-01
424142,8,2025-02-01
424143,2,2025-02-01
424146,5,2025-02-01
424147,12,2025-02-01
424148,9,2025-02-01
424149,6,2025-02-01
424150,4,2025-02-01
424151,3,2025-02-01
424152,4,2025-02-01
424153,2,2025-02-01
424154,3,2025-02-01
424155,12,2025-02-01
424156,3,2025-02-01
424158,4,2025-02-01
424159,10,2025-02-01
424160,25,2025-02-01
424161,9,2025-02-01
424162,2,2025-02-01
424164,7,2025-02-01
424165,3,2025-02-01
424167,5,2025-02-01
424168,9,2025-02-01
424169,3,2025-02-01
424170,3,2025-02-01
424171,11,2025-02-01
424172,6,2025-02-01
424173,4,2025-02-01
424174,8,2025-02-01
424175,17,2025-02-01
424176,5,2025-02-01
424177,19,2025-02-01
424178,33,2025-02-01
424179,7,2025-02-01
424180,1,2025-02-01
424181,4,2025-02-01
424187,9,2025-02-01
424188,8,2025-02-01
425094,2,2025-02-01
425097,1,2025-02-01
425099,3,2025-02-01
425100,5,2025-02-01
425101,1,2025-02-01
425102,4,2025-02-01
425103,2,2025-02-01
425104,5,2025-02-01
425105,5,2025-02-01
425106,4,2025-02-01
425107,5,2025-02-01
425108,5,2025-02-01
425109,4,2025-02-01
425110,4,2025-02-01
425111,5,2025-02-01
425112,5,2025-02-01
425114,4,2025-02-01
425115,10,2025-02-01
425116,3,2025-02-01
425117,1,2025-02-01
425119,7,2025-02-01
425120,3,2025-02-01
425121,3,2025-02-01
425122,3,2025-02-01
425123,10,2025-02-01
425124,2,2025-02-01
425125,8,2025-02-01
425126,1,2025-02-01
425128,8,2025-02-01
425129,9,2025-02-01
425130,11,2025-02-01
425132,2,2025-02-01
425133,4,2025-02-01
425136,6,2025-02-01
425137,8,2025-02-01
425138,5,2025-02-01
425139,9,2025-02-01
425140,6,2025-02-01
425141,2,2025-02-01
425142,7,2025-02-01
425143,8,2025-02-01
425144,2,2025-02-01
425145,12,2025-02-01
425146,15,2025-02-01
425147,10,2025-02-01
425148,6,2025-02-01
425149,5,2025-02-01
425155,1,2025-02-01
425156,6,2025-02-01
425157,3,2025-02-01
426063,1,2025-02-01
426064,3,2025-02-01
426065,1,2025-02-01
426066,2,2025-02-01
426069,4,2025-02-01
426071,3,2025-02-01
426073,3,2025-02-01
426074,5,2025-02-01
426075,12,2025-02-01
426076,14,2025-02-01
426077,11,2025-02-01
426078,5,2025-02-01
426079,2,2025-02-01
426080,2,2025-02-01
426081,3,2025-02-01
426084,5,2025-02-01
426085,1,2025-02-01
426086,1,2025-02-01
426088,2,2025-02-01
426090,1,2025-02-01
426091,6,2025-02-01
426092,5,2025-02-01
426093,6,2025-02-01
426094,6,2025-02-01
426095,1,2025-02-01
426096,1,2025-02-01
426097,38,2025-02-01
426098,7,2025-02-01
426099,7,2025-02-01
426100,9,2025-02-01
426101,8,2025-02-01
426104,7,2025-02-01
426105,8,2025-02-01
426106,2,2025-02-01
426107,8,2025-02-01
426108,8,2025-02-01
426109,6,2025-02-01
426110,12,2025-02-01
426111,10,2025-02-01
426112,2,2025-02-01
426113,12,2025-02-01
426114,6,2025-02-01
426115,13,2025-02-01
426116,8,2025-02-01
426117,2,2025-02-01
426123,2,2025-02-01
426124,8,2025-02-01
427038,6,2025-02-01
427039,5,2025-02-01
427040,5,2025-02-01
427041,5,2025-02-01
427042,2,2025-02-01
427043,8,2025-02-01
427044,9,2025-02-01
427045,4,2025-02-01
427046,2,2025-02-01
427048,5,2025-02-01
427049,5,2025-02-01
427053,5,2025-02-01
427054,4,2025-02-01
427056,6,2025-02-01
427058,3,2025-02-01
427059,3,2025-02-01
427060,9,2025-02-01
427061,10,2025-02-01
427062,4,2025-02-01
427063,5,2025-02-01
427065,5,2025-02-01
427066,21,2025-02-01
427067,15,2025-02-01
427068,1,2025-02-01
427069,6,2025-02-01
427070,1,2025-02-01
427073,10,2025-02-01
427074,5,2025-02-01
427075,7,2025-02-01
427076,10,2025-02-01
427077,1,2025-02-01
427078,5,2025-02-01
427079,10,2025-02-01
427080,7,2025-02-01
427081,11,2025-02-01
427082,12,2025-02-01
427083,17,2025-02-01
427084,6,2025-02-01
427085,6,2025-02-01
427086,3,2025-02-01
427093,1,2025-02-01
428006,1,2025-02-01
428008,1,2025-02-01
428012,3,2025-02-01
428016,3,2025-02-01
428017,5,2025-02-01
428018,2,2025-02-01
428020,1,2025-02-01
428021,6,2025-02-01
428022,2,2025-02-01
428023,1,2025-02-01
428024,1,2025-02-01
428025,5,2025-02-01
428026,6,2025-02-01
428027,26,2025-02-01
428028,1,2025-02-01
428029,3,2025-02-01
428030,1,2025-02-01
428031,2,2025-02-01
428033,1,2025-02-01
428034,9,2025-02-01
428035,1,2025-02-01
428036,1,2025-02-01
428038,1,2025-02-01
428042,2,2025-02-01
428043,7,2025-02-01
428044,9,2025-02-01
428045,2,2025-02-01
428047,13,2025-02-01
428048,3,2025-02-01
428049,6,2025-02-01
428050,6,2025-02-01
428051,13,2025-02-01
428052,8,2025-02-01
428053,7,2025-02-01
428054,7,2025-02-01
428055,4,2025-02-01
428059,1,2025-02-01
428064,1,2025-02-01
428971,1,2025-02-01
428978,2,2025-02-01
428979,1,2025-02-01
428988,1,2025-02-01
428990,1,2025-02-01
428991,1,2025-02-01
428992,4,2025-02-01
428993,4,2025-02-01
428994,7,2025-02-01
428995,1,2025-02-01
428996,4,2025-02-01
428998,3,2025-02-01
428999,4,2025-02-01
429000,2,2025-02-01
429001,3,2025-02-01
429002,1,2025-02-01
429010,14,2025-02-01
429011,5,2025-02-01
429012,1,2025-02-01
429013,3,2025-02-01
429014,7,2025-02-01
429015,13,2025-02-01
429016,9,2025-02-01
429017,2,2025-02-01
429018,10,2025-02-01
429019,17,2025-02-01
429020,4,2025-02-01
429022,3,2025-02-01
429024,2,2025-02-01
429942,1,2025-02-01
429951,1,2025-02-01
429952,1,2025-02-01
429958,1,2025-02-01
429959,1,2025-02-01
429961,5,2025-02-01
429962,15,2025-02-01
429963,3,2025-02-01
429964,3,2025-02-01
429965,1,2025-02-01
429966,3,2025-02-01
429967,5,2025-02-01
429968,5,2025-02-01
429969,6,2025-02-01
429970,1,2025-02-01
429971,2,2025-02-01
429978,7,2025-02-01
429979,8,2025-02-01
429980,11,2025-02-01
429981,20,2025-02-01
429982,6,2025-02-01
429983,6,2025-02-01
429984,7,2025-02-01
429985,12,2025-02-01
429986,7,2025-02-01
429987,4,2025-02-01
429988,1,2025-02-01
429993,2,2025-02-01
429994,2,2025-02-01
429995,1,2025-02-01
430926,2,2025-02-01
430927,5,2025-02-01
430928,1,2025-02-01
430929,5,2025-02-01
430930,12,2025-02-01
430931,3,2025-02-01
430933,3,2025-02-01
430934,3,2025-02-01
430935,3,2025-02-01
430936,1,2025-02-01
430937,3,2025-02-01
430938,4,2025-02-01
430939,6,2025-02-01
430945,3,2025-02-01
430946,5,2025-02-01
430948,13,2025-02-01
430949,12,2025-02-01
430950,8,2025-02-01
430951,8,2025-02-01
430952,8,2025-02-01
430953,3,2025-02-01
430956,3,2025-02-01
430958,8,2025-02-01
430959,5,2025-02-01
430960,9,2025-02-01
430961,11,2025-02-01
430962,5,2025-02-01
430963,6,2025-02-01
431881,1,2025-02-01
431897,2,2025-02-01
431898,1,2025-02-01
431899,1,2025-02-01
431900,3,2025-02-01
431901,4,2025-02-01
431902,6,2025-02-01
431903,5,2025-02-01
431904,7,2025-02-01
431905,7,2025-02-01
431907,1,2025-02-01
431912,5,2025-02-01
431913,7,2025-02-01
431914,17,2025-02-01
431915,3,2025-02-01
431916,7,2025-02-01
431917,15,2025-02-01
431918,7,2025-02-01
431919,6,2025-02-01
431920,2,2025-02-01
431921,1,2025-02-01
431922,2,2025-02-01
431923,3,2025-02-01
431924,3,2025-02-01
431925,8,2025-02-01
431926,11,2025-02-01
431927,11,2025-02-01
431928,6,2025-02-01
431929,6,2025-02-01
431930,1,2025-02-01
431931,2,2025-02-01
432862,3,2025-02-01
432864,2,2025-02-01
432865,5,2025-02-01
432866,3,2025-02-01
432867,1,2025-02-01
432868,1,2025-02-01
432869,4,2025-02-01
432871,3,2025-02-01
432872,6,2025-02-01
432873,3,2025-02-01
432875,2,2025-02-01
432881,21,2025-02-01
432882,7,2025-02-01
432883,1,2025-02-01
432884,8,2025-02-01
432885,4,2025-02-01
432888,1,2025-02-01
432889,2,2025-02-01
432890,10,2025-02-01
432891,6,2025-02-01
432892,10,2025-02-01
432893,12,2025-02-01
432894,7,2025-02-01
432896,8,2025-02-01
432897,9,2025-02-01
432898,6,2025-02-01
432899,7,2025-02-01
432900,4,2025-02-01
433831,2,2025-02-01
433832,1,2025-02-01
433833,4,2025-02-01
433835,3,2025-02-01
433836,1,2025-02-01
433837,6,2025-02-01
433838,8,2025-02-01
433839,3,2025-02-01
433840,6,2025-02-01
433849,9,2025-02-01
433853,1,2025-02-01
433857,1,2025-02-01
433858,11,2025-02-01
433859,27,2025-02-01
433860,19,2025-02-01
433861,31,2025-02-01
433862,4,2025-02-01
433863,5,2025-02-01
433864,4,2025-02-01
433865,4,2025-02-01
433866,7,2025-02-01
433867,6,2025-02-01
433869,2,2025-02-01
433870,4,2025-02-01
434800,6,2025-02-01
434801,9,2025-02-01
434803,2,2025-02-01
434804,3,2025-02-01
434805,10,2025-02-01
434806,10,2025-02-01
434807,12,2025-02-01
434808,1,2025-02-01
434811,1,2025-02-01
434816,12,2025-02-01
434817,12,2025-02-01
434818,5,2025-02-01
434819,4,2025-02-01
434821,1,2025-02-01
434825,1,2025-02-01
434826,22,2025-02-01
434827,21,2025-02-01
434828,13,2025-02-01
434829,11,2025-02-01
434830,8,2025-02-01
434831,3,2025-02-01
434832,6,2025-02-01
434833,5,2025-02-01
434834,5,2025-02-01
435768,3,2025-02-01
435769,3,2025-02-01
435770,3,2025-02-01
435772,4,2025-02-01
435773,12,2025-02-01
435774,8,2025-02-01
435775,3,2025-02-01
435783,7,2025-02-01
435784,4,2025-02-01
435785,2,2025-02-01
435786,6,2025-02-01
435787,1,2025-02-01
435788,2,2025-02-01
435789,5,2025-02-01
435790,4,2025-02-01
435791,7,2025-02-01
435792,3,2025-02-01
435793,4,2025-02-01
435794,13,2025-02-01
435795,2,2025-02-01
435796,9,2025-02-01
435797,7,2025-02-01
435798,1,2025-02-01
435799,3,2025-02-01
435800,1,2025-02-01
435806,1,2025-02-01
436738,2,2025-02-01
436739,2,2025-02-01
436740,1,2025-02-01
436741,2,2025-02-01
436742,2,2025-02-01
436750,3,2025-02-01
436751,10,2025-02-01
436752,4,2025-02-01
436755,3,2025-02-01
436756,2,2025-02-01
436757,5,2025-02-01
436758,5,2025-02-01
436759,12,2025-02-01
436760,3,2025-02-01
436761,1,2025-02-01
436762,3,2025-02-01
436763,1,2025-02-01
436764,3,2025-02-01
436765,1,2025-02-01
436766,8,2025-02-01
436767,5,2025-02-01
436769,5,2025-02-01
436770,4,2025-02-01
436772,1,2025-02-01
437706,1,2025-02-01
437718,2,2025-02-01
437719,3,2025-02-01
437720,5,2025-02-01
437721,4,2025-02-01
437724,1,2025-02-01
437726,5,2025-02-01
437727,3,2025-02-01
437728,1,2025-02-01
437729,1,2025-02-01
437731,1,2025-02-01
437732,1,2025-02-01
437733,4,2025-02-01
437734,4,2025-02-01
437735,2,2025-02-01
437736,9,2025-02-01
437737,12,2025-02-01
437738,12,2025-02-01
437739,5,2025-02-01
437740,13,2025-02-01
437741,1,2025-02-01
438679,2,2025-02-01
438689,2,2025-02-01
438690,1,2025-02-01
438694,1,2025-02-01
438695,4,2025-02-01
438696,1,2025-02-01
438697,3,2025-02-01
438698,2,2025-02-01
438699,5,2025-02-01
438700,3,2025-02-01
438701,2,2025-02-01
438702,11,2025-02-01
438703,2,2025-02-01
438704,7,2025-02-01
438705,8,2025-02-01
438706,6,2025-02-01
438707,15,2025-02-01
438708,11,2025-02-01
438709,4,2025-02-01
438710,2,2025-02-01
439653,1,2025-02-01
439658,2,2025-02-01
439662,1,2025-02-01
439663,3,2025-02-01
439664,1,2025-02-01
439665,12,2025-02-01
439666,7,2025-02-01
439667,1,2025-02-01
439668,8,2025-02-01
439669,4,2025-02-01
439670,7,2025-02-01
439671,6,2025-02-01
439672,17,2025-02-01
439673,7,2025-02-01
439674,8,2025-02-01
439675,10,2025-02-01
439676,8,2025-02-01
439677,5,2025-02-01
440624,1,2025-02-01
440631,1,2025-02-01
440632,6,2025-02-01
440633,2,2025-02-01
440634,1,2025-02-01
440636,1,2025-02-01
440637,5,2025-02-01
440638,1,2025-02-01
440639,3,2025-02-01
440640,3,2025-02-01
440641,12,2025-02-01
440642,7,2025-02-01
440643,1,2025-02-01
440644,4,2025-02-01
440645,3,2025-02-01
441576,1,2025-02-01
441599,2,2025-02-01
441600,1,2025-02-01
441601,10,2025-02-01
441602,1,2025-02-01
441603,1,2025-02-01
441604,3,2025-02-01
441605,2,2025-02-01
441606,1,2025-02-01
441608,4,2025-02-01
441609,5,2025-02-01
441610,7,2025-02-01
441611,21,2025-02-01
441612,6,2025-02-01
442563,1,2025-02-01
442565,2,2025-02-01
442566,4,2025-02-01
442567,1,2025-02-01
442568,7,2025-02-01
442569,5,2025-02-01
442570,1,2025-02-01
442578,10,2025-02-01
442579,17,2025-02-01
442580,1,2025-02-01
443534,1,2025-02-01
443535,3,2025-02-01
443536,10,2025-02-01
443537,5,2025-02-01
443538,1,2025-02-01
443539,1,2025-02-01
443547,2,2025-02-01
444502,1,2025-02-01
444504,4,2025-02-01
444505,5,2025-02-01
444507,3,2025-02-01
444510,1,2025-02-01
445473,1,2025-02-01
445474,2,2025-02-01
445475,1,2025-02-01
445476,3,2025-02-01
446437,1,2025-02-01
446441,1,2025-02-01
446442,3,2025-02-01
446443,5,2025-02-01
447409,1,2025-02-01
447411,1,2025-02-01
448373,1,2025-02-01
449346,1,2025-02-01
450327,1,2025-02-01
454181,1,2025-02-01
467721,1,2025-02-01
490284,1,2025-02-01
564598,1,2025-02-01
